,key_0,choice,path,maxsum,lineloc,lineadjust,ING Stage DCP-raw,stage_filtered
0,6/21/2020 18:00,0,C:\Users\sgoldst3\Inglefield\PyTrx\Seth_Examples/Inglefield_Data/INGLEFIELD_CAM/2020\INGLEFIELD_CAM_StarDot1_20200621_180000.jpg,705,375,355,0.01,
1,6/21/2020 21:00,1,C:\Users\sgoldst3\Inglefield\PyTrx\Seth_Examples/Inglefield_Data/INGLEFIELD_CAM/2020\INGLEFIELD_CAM_StarDot1_20200621_210000.jpg,350,350,350,,
2,6/22/2020 0:00,,,,,,,
3,6/22/2020 3:00,0,C:\Users\sgoldst3\Inglefield\PyTrx\Seth_Examples/Inglefield_Data/INGLEFIELD_CAM/2020\INGLEFIELD_CAM_StarDot1_20200622_030000.jpg,704,365,345,0.18,0.27
4,6/22/2020 6:00,2,C:\Users\sgoldst3\Inglefield\PyTrx\Seth_Examples/Inglefield_Data/INGLEFIELD_CAM/2020\INGLEFIELD_CAM_StarDot1_20200622_060000.jpg,294,334,324,0.36,0.365833333
5,6/22/2020 9:00,1,C:\Users\sgoldst3\Inglefield\PyTrx\Seth_Examples/Inglefield_Data/INGLEFIELD_CAM/2020\INGLEFIELD_CAM_StarDot1_20200622_090000.jpg,317,317,317,0.35,0.310909091
6,6/22/2020 12:00,2,C:\Users\sgoldst3\Inglefield\PyTrx\Seth_Examples/Inglefield_Data/INGLEFIELD_CAM/2020\INGLEFIELD_CAM_StarDot1_20200622_120000.jpg,296,336,326,0.26,0.222727273
7,6/22/2020 15:00,0,C:\Users\sgoldst3\Inglefield\PyTrx\Seth_Examples/Inglefield_Data/INGLEFIELD_CAM/2020\INGLEFIELD_CAM_StarDot1_20200622_150000.jpg,83,360,340,0.18,0.144545455
8,6/22/2020 18:00,0,C:\Users\sgoldst3\Inglefield\PyTrx\Seth_Examples/Inglefield_Data/INGLEFIELD_CAM/2020\INGLEFIELD_CAM_StarDot1_20200622_180000.jpg,74,355,335,0.09,0.071
9,6/22/2020 21:00,1,C:\Users\sgoldst3\Inglefield\PyTrx\Seth_Examples/Inglefield_Data/INGLEFIELD_CAM/2020\INGLEFIELD_CAM_StarDot1_20200622_210000.jpg,334,334,334,,
10,6/23/2020 0:00,,,,,,,
11,6/23/2020 3:00,0,C:\Users\sgoldst3\Inglefield\PyTrx\Seth_Examples/Inglefield_Data/INGLEFIELD_CAM/2020\INGLEFIELD_CAM_StarDot1_20200623_030000.jpg,100,365,345,0.06,
12,6/23/2020 6:00,0,C:\Users\sgoldst3\Inglefield\PyTrx\Seth_Examples/Inglefield_Data/INGLEFIELD_CAM/2020\INGLEFIELD_CAM_StarDot1_20200623_060000.jpg,628,365,345,0.06,
13,6/23/2020 9:00,0,C:\Users\sgoldst3\Inglefield\PyTrx\Seth_Examples/Inglefield_Data/INGLEFIELD_CAM/2020\INGLEFIELD_CAM_StarDot1_20200623_090000.jpg,682,365,345,0.06,
14,6/23/2020 12:00,0,C:\Users\sgoldst3\Inglefield\PyTrx\Seth_Examples/Inglefield_Data/INGLEFIELD_CAM/2020\INGLEFIELD_CAM_StarDot1_20200623_120000.jpg,260,365,345,0.06,
15,6/23/2020 15:00,0,C:\Users\sgoldst3\Inglefield\PyTrx\Seth_Examples/Inglefield_Data/INGLEFIELD_CAM/2020\INGLEFIELD_CAM_StarDot1_20200623_150000.jpg,260,365,345,,
16,6/23/2020 18:00,0,C:\Users\sgoldst3\Inglefield\PyTrx\Seth_Examples/Inglefield_Data/INGLEFIELD_CAM/2020\INGLEFIELD_CAM_StarDot1_20200623_180000.jpg,704,365,345,0.06,
17,6/23/2020 21:00,1,C:\Users\sgoldst3\Inglefield\PyTrx\Seth_Examples/Inglefield_Data/INGLEFIELD_CAM/2020\INGLEFIELD_CAM_StarDot1_20200623_210000.jpg,338,338,338,,
18,6/24/2020 0:00,0,C:\Users\sgoldst3\Inglefield\PyTrx\Seth_Examples/Inglefield_Data/INGLEFIELD_CAM/2020\INGLEFIELD_CAM_StarDot1_20200624_000000.jpg,675,370,350,,
19,6/24/2020 3:00,2,C:\Users\sgoldst3\Inglefield\PyTrx\Seth_Examples/Inglefield_Data/INGLEFIELD_CAM/2020\INGLEFIELD_CAM_StarDot1_20200624_030000.jpg,291,331,321,0.06,
20,6/24/2020 6:00,0,C:\Users\sgoldst3\Inglefield\PyTrx\Seth_Examples/Inglefield_Data/INGLEFIELD_CAM/2020\INGLEFIELD_CAM_StarDot1_20200624_060000.jpg,281,370,350,0.07,
21,6/24/2020 9:00,2,C:\Users\sgoldst3\Inglefield\PyTrx\Seth_Examples/Inglefield_Data/INGLEFIELD_CAM/2020\INGLEFIELD_CAM_StarDot1_20200624_090000.jpg,301,341,331,0.07,
22,6/24/2020 12:00,2,C:\Users\sgoldst3\Inglefield\PyTrx\Seth_Examples/Inglefield_Data/INGLEFIELD_CAM/2020\INGLEFIELD_CAM_StarDot1_20200624_120000.jpg,306,346,336,0.06,
23,6/24/2020 15:00,2,C:\Users\sgoldst3\Inglefield\PyTrx\Seth_Examples/Inglefield_Data/INGLEFIELD_CAM/2020\INGLEFIELD_CAM_StarDot1_20200624_150000.jpg,307,347,337,0.06,
24,6/24/2020 18:00,0,C:\Users\sgoldst3\Inglefield\PyTrx\Seth_Examples/Inglefield_Data/INGLEFIELD_CAM/2020\INGLEFIELD_CAM_StarDot1_20200624_180000.jpg,293,365,345,,
25,6/24/2020 21:00,0,C:\Users\sgoldst3\Inglefield\PyTrx\Seth_Examples/Inglefield_Data/INGLEFIELD_CAM/2020\INGLEFIELD_CAM_StarDot1_20200624_210000.jpg,669,365,345,0.05,
26,6/25/2020 0:00,0,C:\Users\sgoldst3\Inglefield\PyTrx\Seth_Examples/Inglefield_Data/INGLEFIELD_CAM/2020\INGLEFIELD_CAM_StarDot1_20200625_000000.jpg,675,365,345,,0.125454545
27,6/25/2020 3:00,0,C:\Users\sgoldst3\Inglefield\PyTrx\Seth_Examples/Inglefield_Data/INGLEFIELD_CAM/2020\INGLEFIELD_CAM_StarDot1_20200625_030000.jpg,281,365,345,0.23,0.295833333
28,6/25/2020 6:00,2,C:\Users\sgoldst3\Inglefield\PyTrx\Seth_Examples/Inglefield_Data/INGLEFIELD_CAM/2020\INGLEFIELD_CAM_StarDot1_20200625_060000.jpg,295,335,325,,0.36
29,6/25/2020 9:00,1,C:\Users\sgoldst3\Inglefield\PyTrx\Seth_Examples/Inglefield_Data/INGLEFIELD_CAM/2020\INGLEFIELD_CAM_StarDot1_20200625_090000.jpg,319,319,319,0.36,0.346666667
30,6/25/2020 12:00,2,C:\Users\sgoldst3\Inglefield\PyTrx\Seth_Examples/Inglefield_Data/INGLEFIELD_CAM/2020\INGLEFIELD_CAM_StarDot1_20200625_120000.jpg,296,336,326,0.32,0.28
31,6/25/2020 15:00,2,C:\Users\sgoldst3\Inglefield\PyTrx\Seth_Examples/Inglefield_Data/INGLEFIELD_CAM/2020\INGLEFIELD_CAM_StarDot1_20200625_150000.jpg,296,336,326,0.23,0.208181818
32,6/25/2020 18:00,2,C:\Users\sgoldst3\Inglefield\PyTrx\Seth_Examples/Inglefield_Data/INGLEFIELD_CAM/2020\INGLEFIELD_CAM_StarDot1_20200625_180000.jpg,293,333,323,0.19,0.222727273
33,6/25/2020 21:00,0,C:\Users\sgoldst3\Inglefield\PyTrx\Seth_Examples/Inglefield_Data/INGLEFIELD_CAM/2020\INGLEFIELD_CAM_StarDot1_20200625_210000.jpg,652,355,335,0.3,0.42
34,6/26/2020 0:00,,,,,,0.59,0.7
35,6/26/2020 3:00,2,C:\Users\sgoldst3\Inglefield\PyTrx\Seth_Examples/Inglefield_Data/INGLEFIELD_CAM/2020\INGLEFIELD_CAM_StarDot1_20200626_030000.jpg,281,321,311,,0.78
36,6/26/2020 6:00,2,C:\Users\sgoldst3\Inglefield\PyTrx\Seth_Examples/Inglefield_Data/INGLEFIELD_CAM/2020\INGLEFIELD_CAM_StarDot1_20200626_060000.jpg,283,323,313,,0.713
37,6/26/2020 9:00,2,C:\Users\sgoldst3\Inglefield\PyTrx\Seth_Examples/Inglefield_Data/INGLEFIELD_CAM/2020\INGLEFIELD_CAM_StarDot1_20200626_090000.jpg,288,328,318,0.64,0.569166667
38,6/26/2020 12:00,2,C:\Users\sgoldst3\Inglefield\PyTrx\Seth_Examples/Inglefield_Data/INGLEFIELD_CAM/2020\INGLEFIELD_CAM_StarDot1_20200626_120000.jpg,289,329,319,0.48,0.414166667
39,6/26/2020 15:00,2,C:\Users\sgoldst3\Inglefield\PyTrx\Seth_Examples/Inglefield_Data/INGLEFIELD_CAM/2020\INGLEFIELD_CAM_StarDot1_20200626_150000.jpg,294,334,324,0.34,0.302727273
40,6/26/2020 18:00,2,C:\Users\sgoldst3\Inglefield\PyTrx\Seth_Examples/Inglefield_Data/INGLEFIELD_CAM/2020\INGLEFIELD_CAM_StarDot1_20200626_180000.jpg,293,333,323,0.27,0.305
41,6/26/2020 21:00,0,C:\Users\sgoldst3\Inglefield\PyTrx\Seth_Examples/Inglefield_Data/INGLEFIELD_CAM/2020\INGLEFIELD_CAM_StarDot1_20200626_210000.jpg,682,355,335,0.39,0.505
42,6/27/2020 0:00,,,,,,,0.753636364
43,6/27/2020 3:00,2,C:\Users\sgoldst3\Inglefield\PyTrx\Seth_Examples/Inglefield_Data/INGLEFIELD_CAM/2020\INGLEFIELD_CAM_StarDot1_20200627_030000.jpg,281,321,311,0.79,0.791818182
44,6/27/2020 6:00,2,C:\Users\sgoldst3\Inglefield\PyTrx\Seth_Examples/Inglefield_Data/INGLEFIELD_CAM/2020\INGLEFIELD_CAM_StarDot1_20200627_060000.jpg,283,323,313,0.76,0.71
45,6/27/2020 9:00,2,C:\Users\sgoldst3\Inglefield\PyTrx\Seth_Examples/Inglefield_Data/INGLEFIELD_CAM/2020\INGLEFIELD_CAM_StarDot1_20200627_090000.jpg,288,328,318,0.63,0.555454545
46,6/27/2020 12:00,2,C:\Users\sgoldst3\Inglefield\PyTrx\Seth_Examples/Inglefield_Data/INGLEFIELD_CAM/2020\INGLEFIELD_CAM_StarDot1_20200627_120000.jpg,289,329,319,,0.399
47,6/27/2020 15:00,2,C:\Users\sgoldst3\Inglefield\PyTrx\Seth_Examples/Inglefield_Data/INGLEFIELD_CAM/2020\INGLEFIELD_CAM_StarDot1_20200627_150000.jpg,295,335,325,,0.292727273
48,6/27/2020 18:00,2,C:\Users\sgoldst3\Inglefield\PyTrx\Seth_Examples/Inglefield_Data/INGLEFIELD_CAM/2020\INGLEFIELD_CAM_StarDot1_20200627_180000.jpg,293,333,323,,0.321818182
49,6/27/2020 21:00,0,C:\Users\sgoldst3\Inglefield\PyTrx\Seth_Examples/Inglefield_Data/INGLEFIELD_CAM/2020\INGLEFIELD_CAM_StarDot1_20200627_210000.jpg,682,355,335,0.43,0.615454545
50,6/28/2020 0:00,,,,,,0.86,0.980909091
51,6/28/2020 3:00,2,C:\Users\sgoldst3\Inglefield\PyTrx\Seth_Examples/Inglefield_Data/INGLEFIELD_CAM/2020\INGLEFIELD_CAM_StarDot1_20200628_030000.jpg,279,319,309,1.09,1.06
52,6/28/2020 6:00,2,C:\Users\sgoldst3\Inglefield\PyTrx\Seth_Examples/Inglefield_Data/INGLEFIELD_CAM/2020\INGLEFIELD_CAM_StarDot1_20200628_060000.jpg,270,310,300,1,0.921666667
53,6/28/2020 9:00,2,C:\Users\sgoldst3\Inglefield\PyTrx\Seth_Examples/Inglefield_Data/INGLEFIELD_CAM/2020\INGLEFIELD_CAM_StarDot1_20200628_090000.jpg,283,323,313,,0.707777778
54,6/28/2020 12:00,2,C:\Users\sgoldst3\Inglefield\PyTrx\Seth_Examples/Inglefield_Data/INGLEFIELD_CAM/2020\INGLEFIELD_CAM_StarDot1_20200628_120000.jpg,290,330,320,,0.514545455
55,6/28/2020 15:00,2,C:\Users\sgoldst3\Inglefield\PyTrx\Seth_Examples/Inglefield_Data/INGLEFIELD_CAM/2020\INGLEFIELD_CAM_StarDot1_20200628_150000.jpg,291,331,321,,0.386363636
56,6/28/2020 18:00,2,C:\Users\sgoldst3\Inglefield\PyTrx\Seth_Examples/Inglefield_Data/INGLEFIELD_CAM/2020\INGLEFIELD_CAM_StarDot1_20200628_180000.jpg,292,332,322,0.36,0.415
57,6/28/2020 21:00,0,C:\Users\sgoldst3\Inglefield\PyTrx\Seth_Examples/Inglefield_Data/INGLEFIELD_CAM/2020\INGLEFIELD_CAM_StarDot1_20200628_210000.jpg,683,340,320,0.54,0.711818182
58,6/29/2020 0:00,,,,,,0.97,1.106666667
59,6/29/2020 3:00,0,C:\Users\sgoldst3\Inglefield\PyTrx\Seth_Examples/Inglefield_Data/INGLEFIELD_CAM/2020\INGLEFIELD_CAM_StarDot1_20200629_030000.jpg,121,325,305,1.23,1.205
60,6/29/2020 6:00,2,C:\Users\sgoldst3\Inglefield\PyTrx\Seth_Examples/Inglefield_Data/INGLEFIELD_CAM/2020\INGLEFIELD_CAM_StarDot1_20200629_060000.jpg,267,307,297,1.16,1.063333333
61,6/29/2020 9:00,2,C:\Users\sgoldst3\Inglefield\PyTrx\Seth_Examples/Inglefield_Data/INGLEFIELD_CAM/2020\INGLEFIELD_CAM_StarDot1_20200629_090000.jpg,281,321,311,0.95,0.829090909
62,6/29/2020 12:00,2,C:\Users\sgoldst3\Inglefield\PyTrx\Seth_Examples/Inglefield_Data/INGLEFIELD_CAM/2020\INGLEFIELD_CAM_StarDot1_20200629_120000.jpg,285,325,315,0.72,0.6275
63,6/29/2020 15:00,2,C:\Users\sgoldst3\Inglefield\PyTrx\Seth_Examples/Inglefield_Data/INGLEFIELD_CAM/2020\INGLEFIELD_CAM_StarDot1_20200629_150000.jpg,289,329,319,0.54,0.502727273
64,6/29/2020 18:00,2,C:\Users\sgoldst3\Inglefield\PyTrx\Seth_Examples/Inglefield_Data/INGLEFIELD_CAM/2020\INGLEFIELD_CAM_StarDot1_20200629_180000.jpg,290,330,320,0.49,0.57
65,6/29/2020 21:00,0,C:\Users\sgoldst3\Inglefield\PyTrx\Seth_Examples/Inglefield_Data/INGLEFIELD_CAM/2020\INGLEFIELD_CAM_StarDot1_20200629_210000.jpg,704,340,320,0.73,0.940833333
66,6/30/2020 0:00,,,,,,,1.362
67,6/30/2020 3:00,0,C:\Users\sgoldst3\Inglefield\PyTrx\Seth_Examples/Inglefield_Data/INGLEFIELD_CAM/2020\INGLEFIELD_CAM_StarDot1_20200630_030000.jpg,74,310,290,,1.409090909
68,6/30/2020 6:00,2,C:\Users\sgoldst3\Inglefield\PyTrx\Seth_Examples/Inglefield_Data/INGLEFIELD_CAM/2020\INGLEFIELD_CAM_StarDot1_20200630_060000.jpg,269,309,299,1.3,1.205454545
69,6/30/2020 9:00,2,C:\Users\sgoldst3\Inglefield\PyTrx\Seth_Examples/Inglefield_Data/INGLEFIELD_CAM/2020\INGLEFIELD_CAM_StarDot1_20200630_090000.jpg,274,314,304,1.08,1.0075
70,6/30/2020 12:00,2,C:\Users\sgoldst3\Inglefield\PyTrx\Seth_Examples/Inglefield_Data/INGLEFIELD_CAM/2020\INGLEFIELD_CAM_StarDot1_20200630_120000.jpg,280,320,310,0.92,0.885
71,6/30/2020 15:00,1,C:\Users\sgoldst3\Inglefield\PyTrx\Seth_Examples/Inglefield_Data/INGLEFIELD_CAM/2020\INGLEFIELD_CAM_StarDot1_20200630_150000.jpg,302,302,302,0.86,0.866363636
72,6/30/2020 18:00,2,C:\Users\sgoldst3\Inglefield\PyTrx\Seth_Examples/Inglefield_Data/INGLEFIELD_CAM/2020\INGLEFIELD_CAM_StarDot1_20200630_180000.jpg,272,312,302,0.89,0.899166667
73,6/30/2020 21:00,1,C:\Users\sgoldst3\Inglefield\PyTrx\Seth_Examples/Inglefield_Data/INGLEFIELD_CAM/2020\INGLEFIELD_CAM_StarDot1_20200630_210000.jpg,308,308,308,0.89,0.910833333
74,7/1/2020 0:00,2,C:\Users\sgoldst3\Inglefield\PyTrx\Seth_Examples/Inglefield_Data/INGLEFIELD_CAM/2020\INGLEFIELD_CAM_StarDot1_20200701_000000.jpg,284,324,314,0.98,1.055
75,7/1/2020 3:00,2,C:\Users\sgoldst3\Inglefield\PyTrx\Seth_Examples/Inglefield_Data/INGLEFIELD_CAM/2020\INGLEFIELD_CAM_StarDot1_20200701_030000.jpg,273,313,303,1.08,1.042727273
76,7/1/2020 6:00,2,C:\Users\sgoldst3\Inglefield\PyTrx\Seth_Examples/Inglefield_Data/INGLEFIELD_CAM/2020\INGLEFIELD_CAM_StarDot1_20200701_060000.jpg,280,320,310,1,0.921
77,7/1/2020 9:00,2,C:\Users\sgoldst3\Inglefield\PyTrx\Seth_Examples/Inglefield_Data/INGLEFIELD_CAM/2020\INGLEFIELD_CAM_StarDot1_20200701_090000.jpg,283,323,313,,0.735454545
78,7/1/2020 12:00,2,C:\Users\sgoldst3\Inglefield\PyTrx\Seth_Examples/Inglefield_Data/INGLEFIELD_CAM/2020\INGLEFIELD_CAM_StarDot1_20200701_120000.jpg,288,328,318,,0.557777778
79,7/1/2020 15:00,2,C:\Users\sgoldst3\Inglefield\PyTrx\Seth_Examples/Inglefield_Data/INGLEFIELD_CAM/2020\INGLEFIELD_CAM_StarDot1_20200701_150000.jpg,292,332,322,0.48,0.440909091
80,7/1/2020 18:00,2,C:\Users\sgoldst3\Inglefield\PyTrx\Seth_Examples/Inglefield_Data/INGLEFIELD_CAM/2020\INGLEFIELD_CAM_StarDot1_20200701_180000.jpg,292,332,322,0.42,0.469090909
81,7/1/2020 21:00,1,C:\Users\sgoldst3\Inglefield\PyTrx\Seth_Examples/Inglefield_Data/INGLEFIELD_CAM/2020\INGLEFIELD_CAM_StarDot1_20200701_210000.jpg,316,316,316,,0.752
82,7/2/2020 0:00,,,,,,,0.944
83,7/2/2020 3:00,2,C:\Users\sgoldst3\Inglefield\PyTrx\Seth_Examples/Inglefield_Data/INGLEFIELD_CAM/2020\INGLEFIELD_CAM_StarDot1_20200702_030000.jpg,272,312,302,0.96,0.964166667
84,7/2/2020 6:00,2,C:\Users\sgoldst3\Inglefield\PyTrx\Seth_Examples/Inglefield_Data/INGLEFIELD_CAM/2020\INGLEFIELD_CAM_StarDot1_20200702_060000.jpg,280,320,310,0.93,0.864545455
85,7/2/2020 9:00,2,C:\Users\sgoldst3\Inglefield\PyTrx\Seth_Examples/Inglefield_Data/INGLEFIELD_CAM/2020\INGLEFIELD_CAM_StarDot1_20200702_090000.jpg,284,324,314,0.78,0.696363636
86,7/2/2020 12:00,2,C:\Users\sgoldst3\Inglefield\PyTrx\Seth_Examples/Inglefield_Data/INGLEFIELD_CAM/2020\INGLEFIELD_CAM_StarDot1_20200702_120000.jpg,289,329,319,0.6,0.535454545
87,7/2/2020 15:00,2,C:\Users\sgoldst3\Inglefield\PyTrx\Seth_Examples/Inglefield_Data/INGLEFIELD_CAM/2020\INGLEFIELD_CAM_StarDot1_20200702_150000.jpg,291,331,321,0.47,0.428181818
88,7/2/2020 18:00,2,C:\Users\sgoldst3\Inglefield\PyTrx\Seth_Examples/Inglefield_Data/INGLEFIELD_CAM/2020\INGLEFIELD_CAM_StarDot1_20200702_180000.jpg,302,342,332,,0.51
89,7/2/2020 21:00,2,C:\Users\sgoldst3\Inglefield\PyTrx\Seth_Examples/Inglefield_Data/INGLEFIELD_CAM/2020\INGLEFIELD_CAM_StarDot1_20200702_210000.jpg,294,334,324,0.68,0.861666667
90,7/3/2020 0:00,,,,,,1.05,1.1425
91,7/3/2020 3:00,2,C:\Users\sgoldst3\Inglefield\PyTrx\Seth_Examples/Inglefield_Data/INGLEFIELD_CAM/2020\INGLEFIELD_CAM_StarDot1_20200703_030000.jpg,273,313,303,1.19,1.091666667
92,7/3/2020 6:00,2,C:\Users\sgoldst3\Inglefield\PyTrx\Seth_Examples/Inglefield_Data/INGLEFIELD_CAM/2020\INGLEFIELD_CAM_StarDot1_20200703_060000.jpg,279,319,309,0.99,0.8975
93,7/3/2020 9:00,2,C:\Users\sgoldst3\Inglefield\PyTrx\Seth_Examples/Inglefield_Data/INGLEFIELD_CAM/2020\INGLEFIELD_CAM_StarDot1_20200703_090000.jpg,273,313,303,0.79,0.702727273
94,7/3/2020 12:00,2,C:\Users\sgoldst3\Inglefield\PyTrx\Seth_Examples/Inglefield_Data/INGLEFIELD_CAM/2020\INGLEFIELD_CAM_StarDot1_20200703_120000.jpg,289,329,319,0.6,0.531
95,7/3/2020 15:00,2,C:\Users\sgoldst3\Inglefield\PyTrx\Seth_Examples/Inglefield_Data/INGLEFIELD_CAM/2020\INGLEFIELD_CAM_StarDot1_20200703_150000.jpg,291,331,321,0.46,0.433636364
96,7/3/2020 18:00,1,C:\Users\sgoldst3\Inglefield\PyTrx\Seth_Examples/Inglefield_Data/INGLEFIELD_CAM/2020\INGLEFIELD_CAM_StarDot1_20200703_180000.jpg,365,365,315,0.43,0.547272727
97,7/3/2020 21:00,2,C:\Users\sgoldst3\Inglefield\PyTrx\Seth_Examples/Inglefield_Data/INGLEFIELD_CAM/2020\INGLEFIELD_CAM_StarDot1_20200703_210000.jpg,287,327,317,,0.875
98,7/4/2020 0:00,,,,,,0.98,1.0175
99,7/4/2020 3:00,2,C:\Users\sgoldst3\Inglefield\PyTrx\Seth_Examples/Inglefield_Data/INGLEFIELD_CAM/2020\INGLEFIELD_CAM_StarDot1_20200704_030000.jpg,260,300,290,1.03,1.01
100,7/4/2020 6:00,2,C:\Users\sgoldst3\Inglefield\PyTrx\Seth_Examples/Inglefield_Data/INGLEFIELD_CAM/2020\INGLEFIELD_CAM_StarDot1_20200704_060000.jpg,260,300,290,,0.866
101,7/4/2020 9:00,2,C:\Users\sgoldst3\Inglefield\PyTrx\Seth_Examples/Inglefield_Data/INGLEFIELD_CAM/2020\INGLEFIELD_CAM_StarDot1_20200704_090000.jpg,271,311,301,,0.709090909
102,7/4/2020 12:00,2,C:\Users\sgoldst3\Inglefield\PyTrx\Seth_Examples/Inglefield_Data/INGLEFIELD_CAM/2020\INGLEFIELD_CAM_StarDot1_20200704_120000.jpg,287,327,317,0.64,0.574545455
103,7/4/2020 15:00,2,C:\Users\sgoldst3\Inglefield\PyTrx\Seth_Examples/Inglefield_Data/INGLEFIELD_CAM/2020\INGLEFIELD_CAM_StarDot1_20200704_150000.jpg,290,330,320,0.52,0.5025
104,7/4/2020 18:00,1,C:\Users\sgoldst3\Inglefield\PyTrx\Seth_Examples/Inglefield_Data/INGLEFIELD_CAM/2020\INGLEFIELD_CAM_StarDot1_20200704_180000.jpg,318,318,318,0.5,0.5475
105,7/4/2020 21:00,2,C:\Users\sgoldst3\Inglefield\PyTrx\Seth_Examples/Inglefield_Data/INGLEFIELD_CAM/2020\INGLEFIELD_CAM_StarDot1_20200704_210000.jpg,295,335,325,0.64,0.785833333
106,7/5/2020 0:00,,,,,,,1.045454545
107,7/5/2020 3:00,0,C:\Users\sgoldst3\Inglefield\PyTrx\Seth_Examples/Inglefield_Data/INGLEFIELD_CAM/2020\INGLEFIELD_CAM_StarDot1_20200705_030000.jpg,71,320,300,1.08,1.046363636
108,7/5/2020 6:00,2,C:\Users\sgoldst3\Inglefield\PyTrx\Seth_Examples/Inglefield_Data/INGLEFIELD_CAM/2020\INGLEFIELD_CAM_StarDot1_20200705_060000.jpg,280,320,310,0.99,0.907272727
109,7/5/2020 9:00,1,C:\Users\sgoldst3\Inglefield\PyTrx\Seth_Examples/Inglefield_Data/INGLEFIELD_CAM/2020\INGLEFIELD_CAM_StarDot1_20200705_090000.jpg,302,302,302,0.79,0.722727273
110,7/5/2020 12:00,2,C:\Users\sgoldst3\Inglefield\PyTrx\Seth_Examples/Inglefield_Data/INGLEFIELD_CAM/2020\INGLEFIELD_CAM_StarDot1_20200705_120000.jpg,260,300,290,0.63,0.546363636
111,7/5/2020 15:00,0,C:\Users\sgoldst3\Inglefield\PyTrx\Seth_Examples/Inglefield_Data/INGLEFIELD_CAM/2020\INGLEFIELD_CAM_StarDot1_20200705_150000.jpg,703,330,310,,0.411818182
112,7/5/2020 18:00,2,C:\Users\sgoldst3\Inglefield\PyTrx\Seth_Examples/Inglefield_Data/INGLEFIELD_CAM/2020\INGLEFIELD_CAM_StarDot1_20200705_180000.jpg,294,334,324,0.37,0.355833333
113,7/5/2020 21:00,,,,,,0.38,0.429166667
114,7/6/2020 0:00,0,C:\Users\sgoldst3\Inglefield\PyTrx\Seth_Examples/Inglefield_Data/INGLEFIELD_CAM/2020\INGLEFIELD_CAM_StarDot1_20200706_000000.jpg,675,360,340,0.55,0.649
115,7/6/2020 3:00,2,C:\Users\sgoldst3\Inglefield\PyTrx\Seth_Examples/Inglefield_Data/INGLEFIELD_CAM/2020\INGLEFIELD_CAM_StarDot1_20200706_030000.jpg,282,322,312,0.73,0.737272727
116,7/6/2020 6:00,2,C:\Users\sgoldst3\Inglefield\PyTrx\Seth_Examples/Inglefield_Data/INGLEFIELD_CAM/2020\INGLEFIELD_CAM_StarDot1_20200706_060000.jpg,285,325,315,0.72,0.678333333
117,7/6/2020 9:00,2,C:\Users\sgoldst3\Inglefield\PyTrx\Seth_Examples/Inglefield_Data/INGLEFIELD_CAM/2020\INGLEFIELD_CAM_StarDot1_20200706_090000.jpg,288,328,318,0.62,0.555454545
118,7/6/2020 12:00,2,C:\Users\sgoldst3\Inglefield\PyTrx\Seth_Examples/Inglefield_Data/INGLEFIELD_CAM/2020\INGLEFIELD_CAM_StarDot1_20200706_120000.jpg,289,329,319,0.48,0.417272727
119,7/6/2020 15:00,2,C:\Users\sgoldst3\Inglefield\PyTrx\Seth_Examples/Inglefield_Data/INGLEFIELD_CAM/2020\INGLEFIELD_CAM_StarDot1_20200706_150000.jpg,294,334,324,0.35,0.312727273
120,7/6/2020 18:00,2,C:\Users\sgoldst3\Inglefield\PyTrx\Seth_Examples/Inglefield_Data/INGLEFIELD_CAM/2020\INGLEFIELD_CAM_StarDot1_20200706_180000.jpg,293,333,323,,0.323
121,7/6/2020 21:00,0,C:\Users\sgoldst3\Inglefield\PyTrx\Seth_Examples/Inglefield_Data/INGLEFIELD_CAM/2020\INGLEFIELD_CAM_StarDot1_20200706_210000.jpg,525,360,340,0.39,0.514
122,7/7/2020 0:00,,,,,,0.68,0.780909091
123,7/7/2020 3:00,2,C:\Users\sgoldst3\Inglefield\PyTrx\Seth_Examples/Inglefield_Data/INGLEFIELD_CAM/2020\INGLEFIELD_CAM_StarDot1_20200707_030000.jpg,272,312,302,,0.894
124,7/7/2020 6:00,2,C:\Users\sgoldst3\Inglefield\PyTrx\Seth_Examples/Inglefield_Data/INGLEFIELD_CAM/2020\INGLEFIELD_CAM_StarDot1_20200707_060000.jpg,272,312,302,0.9,0.861818182
125,7/7/2020 9:00,2,C:\Users\sgoldst3\Inglefield\PyTrx\Seth_Examples/Inglefield_Data/INGLEFIELD_CAM/2020\INGLEFIELD_CAM_StarDot1_20200707_090000.jpg,284,324,314,0.8,0.7325
126,7/7/2020 12:00,2,C:\Users\sgoldst3\Inglefield\PyTrx\Seth_Examples/Inglefield_Data/INGLEFIELD_CAM/2020\INGLEFIELD_CAM_StarDot1_20200707_120000.jpg,288,328,318,0.65,0.584545455
127,7/7/2020 15:00,2,C:\Users\sgoldst3\Inglefield\PyTrx\Seth_Examples/Inglefield_Data/INGLEFIELD_CAM/2020\INGLEFIELD_CAM_StarDot1_20200707_150000.jpg,292,332,322,0.52,0.482727273
128,7/7/2020 18:00,2,C:\Users\sgoldst3\Inglefield\PyTrx\Seth_Examples/Inglefield_Data/INGLEFIELD_CAM/2020\INGLEFIELD_CAM_StarDot1_20200707_180000.jpg,290,330,320,0.48,0.540833333
129,7/7/2020 21:00,0,C:\Users\sgoldst3\Inglefield\PyTrx\Seth_Examples/Inglefield_Data/INGLEFIELD_CAM/2020\INGLEFIELD_CAM_StarDot1_20200707_210000.jpg,636,360,340,0.67,0.825833333
130,7/8/2020 0:00,2,C:\Users\sgoldst3\Inglefield\PyTrx\Seth_Examples/Inglefield_Data/INGLEFIELD_CAM/2020\INGLEFIELD_CAM_StarDot1_20200708_000000.jpg,284,324,314,1.01,1.11
131,7/8/2020 3:00,0,C:\Users\sgoldst3\Inglefield\PyTrx\Seth_Examples/Inglefield_Data/INGLEFIELD_CAM/2020\INGLEFIELD_CAM_StarDot1_20200708_030000.jpg,71,320,300,1.19,1.185
132,7/8/2020 6:00,2,C:\Users\sgoldst3\Inglefield\PyTrx\Seth_Examples/Inglefield_Data/INGLEFIELD_CAM/2020\INGLEFIELD_CAM_StarDot1_20200708_060000.jpg,268,308,298,1.14,1.0425
133,7/8/2020 9:00,2,C:\Users\sgoldst3\Inglefield\PyTrx\Seth_Examples/Inglefield_Data/INGLEFIELD_CAM/2020\INGLEFIELD_CAM_StarDot1_20200708_090000.jpg,280,320,310,0.93,0.836666667
134,7/8/2020 12:00,2,C:\Users\sgoldst3\Inglefield\PyTrx\Seth_Examples/Inglefield_Data/INGLEFIELD_CAM/2020\INGLEFIELD_CAM_StarDot1_20200708_120000.jpg,286,326,316,0.73,0.645833333
135,7/8/2020 15:00,2,C:\Users\sgoldst3\Inglefield\PyTrx\Seth_Examples/Inglefield_Data/INGLEFIELD_CAM/2020\INGLEFIELD_CAM_StarDot1_20200708_150000.jpg,289,329,319,,0.521818182
136,7/8/2020 18:00,2,C:\Users\sgoldst3\Inglefield\PyTrx\Seth_Examples/Inglefield_Data/INGLEFIELD_CAM/2020\INGLEFIELD_CAM_StarDot1_20200708_180000.jpg,289,329,319,0.52,0.622727273
137,7/8/2020 21:00,2,C:\Users\sgoldst3\Inglefield\PyTrx\Seth_Examples/Inglefield_Data/INGLEFIELD_CAM/2020\INGLEFIELD_CAM_StarDot1_20200708_210000.jpg,294,334,324,,1.041
138,7/9/2020 0:00,0,C:\Users\sgoldst3\Inglefield\PyTrx\Seth_Examples/Inglefield_Data/INGLEFIELD_CAM/2020\INGLEFIELD_CAM_StarDot1_20200709_000000.jpg,675,325,305,1.27,1.386666667
139,7/9/2020 3:00,2,C:\Users\sgoldst3\Inglefield\PyTrx\Seth_Examples/Inglefield_Data/INGLEFIELD_CAM/2020\INGLEFIELD_CAM_StarDot1_20200709_030000.jpg,261,301,291,1.47,1.399166667
140,7/9/2020 6:00,2,C:\Users\sgoldst3\Inglefield\PyTrx\Seth_Examples/Inglefield_Data/INGLEFIELD_CAM/2020\INGLEFIELD_CAM_StarDot1_20200709_060000.jpg,264,304,294,1.31,1.184166667
141,7/9/2020 9:00,2,C:\Users\sgoldst3\Inglefield\PyTrx\Seth_Examples/Inglefield_Data/INGLEFIELD_CAM/2020\INGLEFIELD_CAM_StarDot1_20200709_090000.jpg,270,310,300,1.03,0.921666667
142,7/9/2020 12:00,2,C:\Users\sgoldst3\Inglefield\PyTrx\Seth_Examples/Inglefield_Data/INGLEFIELD_CAM/2020\INGLEFIELD_CAM_StarDot1_20200709_120000.jpg,283,323,313,0.81,0.721818182
143,7/9/2020 15:00,2,C:\Users\sgoldst3\Inglefield\PyTrx\Seth_Examples/Inglefield_Data/INGLEFIELD_CAM/2020\INGLEFIELD_CAM_StarDot1_20200709_150000.jpg,286,326,316,0.65,0.621666667
144,7/9/2020 18:00,2,C:\Users\sgoldst3\Inglefield\PyTrx\Seth_Examples/Inglefield_Data/INGLEFIELD_CAM/2020\INGLEFIELD_CAM_StarDot1_20200709_180000.jpg,286,326,316,0.64,0.741818182
145,7/9/2020 21:00,,,,,,,1.141
146,7/10/2020 0:00,2,C:\Users\sgoldst3\Inglefield\PyTrx\Seth_Examples/Inglefield_Data/INGLEFIELD_CAM/2020\INGLEFIELD_CAM_StarDot1_20200710_000000.jpg,280,320,310,1.31,1.3725
147,7/10/2020 3:00,2,C:\Users\sgoldst3\Inglefield\PyTrx\Seth_Examples/Inglefield_Data/INGLEFIELD_CAM/2020\INGLEFIELD_CAM_StarDot1_20200710_030000.jpg,272,312,302,,1.348181818
148,7/10/2020 6:00,2,C:\Users\sgoldst3\Inglefield\PyTrx\Seth_Examples/Inglefield_Data/INGLEFIELD_CAM/2020\INGLEFIELD_CAM_StarDot1_20200710_060000.jpg,266,306,296,1.26,1.151666667
149,7/10/2020 9:00,2,C:\Users\sgoldst3\Inglefield\PyTrx\Seth_Examples/Inglefield_Data/INGLEFIELD_CAM/2020\INGLEFIELD_CAM_StarDot1_20200710_090000.jpg,270,310,300,1.03,0.9025
150,7/10/2020 12:00,2,C:\Users\sgoldst3\Inglefield\PyTrx\Seth_Examples/Inglefield_Data/INGLEFIELD_CAM/2020\INGLEFIELD_CAM_StarDot1_20200710_120000.jpg,284,324,314,,0.699
151,7/10/2020 15:00,2,C:\Users\sgoldst3\Inglefield\PyTrx\Seth_Examples/Inglefield_Data/INGLEFIELD_CAM/2020\INGLEFIELD_CAM_StarDot1_20200710_150000.jpg,285,325,315,0.65,0.67
152,7/10/2020 18:00,0,C:\Users\sgoldst3\Inglefield\PyTrx\Seth_Examples/Inglefield_Data/INGLEFIELD_CAM/2020\INGLEFIELD_CAM_StarDot1_20200710_180000.jpg,114,330,310,0.75,0.921818182
153,7/10/2020 21:00,2,C:\Users\sgoldst3\Inglefield\PyTrx\Seth_Examples/Inglefield_Data/INGLEFIELD_CAM/2020\INGLEFIELD_CAM_StarDot1_20200710_210000.jpg,285,325,315,1.15,1.365
154,7/11/2020 0:00,1,C:\Users\sgoldst3\Inglefield\PyTrx\Seth_Examples/Inglefield_Data/INGLEFIELD_CAM/2020\INGLEFIELD_CAM_StarDot1_20200711_000000.jpg,289,289,289,1.58,1.622727273
155,7/11/2020 3:00,0,C:\Users\sgoldst3\Inglefield\PyTrx\Seth_Examples/Inglefield_Data/INGLEFIELD_CAM/2020\INGLEFIELD_CAM_StarDot1_20200711_030000.jpg,10,305,285,1.64,1.577272727
156,7/11/2020 6:00,2,C:\Users\sgoldst3\Inglefield\PyTrx\Seth_Examples/Inglefield_Data/INGLEFIELD_CAM/2020\INGLEFIELD_CAM_StarDot1_20200711_060000.jpg,270,310,300,,1.39
157,7/11/2020 9:00,2,C:\Users\sgoldst3\Inglefield\PyTrx\Seth_Examples/Inglefield_Data/INGLEFIELD_CAM/2020\INGLEFIELD_CAM_StarDot1_20200711_090000.jpg,265,305,295,1.29,1.198181818
158,7/11/2020 12:00,2,C:\Users\sgoldst3\Inglefield\PyTrx\Seth_Examples/Inglefield_Data/INGLEFIELD_CAM/2020\INGLEFIELD_CAM_StarDot1_20200711_120000.jpg,269,309,299,1.09,1.039
159,7/11/2020 15:00,2,C:\Users\sgoldst3\Inglefield\PyTrx\Seth_Examples/Inglefield_Data/INGLEFIELD_CAM/2020\INGLEFIELD_CAM_StarDot1_20200711_150000.jpg,273,313,303,,1.028181818
160,7/11/2020 18:00,0,C:\Users\sgoldst3\Inglefield\PyTrx\Seth_Examples/Inglefield_Data/INGLEFIELD_CAM/2020\INGLEFIELD_CAM_StarDot1_20200711_180000.jpg,114,320,300,1.09,1.203333333
161,7/11/2020 21:00,2,C:\Users\sgoldst3\Inglefield\PyTrx\Seth_Examples/Inglefield_Data/INGLEFIELD_CAM/2020\INGLEFIELD_CAM_StarDot1_20200711_210000.jpg,282,322,312,1.35,1.479166667
162,7/12/2020 0:00,2,C:\Users\sgoldst3\Inglefield\PyTrx\Seth_Examples/Inglefield_Data/INGLEFIELD_CAM/2020\INGLEFIELD_CAM_StarDot1_20200712_000000.jpg,275,315,305,1.59,1.622727273
163,7/12/2020 3:00,0,C:\Users\sgoldst3\Inglefield\PyTrx\Seth_Examples/Inglefield_Data/INGLEFIELD_CAM/2020\INGLEFIELD_CAM_StarDot1_20200712_030000.jpg,122,315,295,,1.505
164,7/12/2020 6:00,2,C:\Users\sgoldst3\Inglefield\PyTrx\Seth_Examples/Inglefield_Data/INGLEFIELD_CAM/2020\INGLEFIELD_CAM_StarDot1_20200712_060000.jpg,261,301,291,1.37,1.246666667
165,7/12/2020 9:00,2,C:\Users\sgoldst3\Inglefield\PyTrx\Seth_Examples/Inglefield_Data/INGLEFIELD_CAM/2020\INGLEFIELD_CAM_StarDot1_20200712_090000.jpg,269,309,299,1.11,0.973333333
166,7/12/2020 12:00,2,C:\Users\sgoldst3\Inglefield\PyTrx\Seth_Examples/Inglefield_Data/INGLEFIELD_CAM/2020\INGLEFIELD_CAM_StarDot1_20200712_120000.jpg,283,323,313,0.83,0.744166667
167,7/12/2020 15:00,2,C:\Users\sgoldst3\Inglefield\PyTrx\Seth_Examples/Inglefield_Data/INGLEFIELD_CAM/2020\INGLEFIELD_CAM_StarDot1_20200712_150000.jpg,285,325,315,0.64,0.611818182
168,7/12/2020 18:00,2,C:\Users\sgoldst3\Inglefield\PyTrx\Seth_Examples/Inglefield_Data/INGLEFIELD_CAM/2020\INGLEFIELD_CAM_StarDot1_20200712_180000.jpg,287,327,317,0.62,0.694166667
169,7/12/2020 21:00,2,C:\Users\sgoldst3\Inglefield\PyTrx\Seth_Examples/Inglefield_Data/INGLEFIELD_CAM/2020\INGLEFIELD_CAM_StarDot1_20200712_210000.jpg,292,332,322,0.88,1.11
170,7/13/2020 0:00,2,C:\Users\sgoldst3\Inglefield\PyTrx\Seth_Examples/Inglefield_Data/INGLEFIELD_CAM/2020\INGLEFIELD_CAM_StarDot1_20200713_000000.jpg,280,320,310,,1.449
171,7/13/2020 3:00,2,C:\Users\sgoldst3\Inglefield\PyTrx\Seth_Examples/Inglefield_Data/INGLEFIELD_CAM/2020\INGLEFIELD_CAM_StarDot1_20200713_030000.jpg,271,311,301,1.49,1.431818182
172,7/13/2020 6:00,2,C:\Users\sgoldst3\Inglefield\PyTrx\Seth_Examples/Inglefield_Data/INGLEFIELD_CAM/2020\INGLEFIELD_CAM_StarDot1_20200713_060000.jpg,262,302,292,1.33,1.203333333
173,7/13/2020 9:00,2,C:\Users\sgoldst3\Inglefield\PyTrx\Seth_Examples/Inglefield_Data/INGLEFIELD_CAM/2020\INGLEFIELD_CAM_StarDot1_20200713_090000.jpg,269,309,299,,0.924545455
174,7/13/2020 12:00,2,C:\Users\sgoldst3\Inglefield\PyTrx\Seth_Examples/Inglefield_Data/INGLEFIELD_CAM/2020\INGLEFIELD_CAM_StarDot1_20200713_120000.jpg,284,324,314,,0.715
175,7/13/2020 15:00,2,C:\Users\sgoldst3\Inglefield\PyTrx\Seth_Examples/Inglefield_Data/INGLEFIELD_CAM/2020\INGLEFIELD_CAM_StarDot1_20200713_150000.jpg,285,325,315,0.63,0.625
176,7/13/2020 18:00,0,C:\Users\sgoldst3\Inglefield\PyTrx\Seth_Examples/Inglefield_Data/INGLEFIELD_CAM/2020\INGLEFIELD_CAM_StarDot1_20200713_180000.jpg,114,330,310,0.66,0.782727273
177,7/13/2020 21:00,,,,,,1,1.23
178,7/14/2020 0:00,0,C:\Users\sgoldst3\Inglefield\PyTrx\Seth_Examples/Inglefield_Data/INGLEFIELD_CAM/2020\INGLEFIELD_CAM_StarDot1_20200714_000000.jpg,675,320,300,,1.59
179,7/14/2020 3:00,2,C:\Users\sgoldst3\Inglefield\PyTrx\Seth_Examples/Inglefield_Data/INGLEFIELD_CAM/2020\INGLEFIELD_CAM_StarDot1_20200714_030000.jpg,259,299,289,,1.583333333
180,7/14/2020 6:00,2,C:\Users\sgoldst3\Inglefield\PyTrx\Seth_Examples/Inglefield_Data/INGLEFIELD_CAM/2020\INGLEFIELD_CAM_StarDot1_20200714_060000.jpg,260,300,290,,1.386
181,7/14/2020 9:00,2,C:\Users\sgoldst3\Inglefield\PyTrx\Seth_Examples/Inglefield_Data/INGLEFIELD_CAM/2020\INGLEFIELD_CAM_StarDot1_20200714_090000.jpg,273,313,303,,1.112
182,7/14/2020 12:00,2,C:\Users\sgoldst3\Inglefield\PyTrx\Seth_Examples/Inglefield_Data/INGLEFIELD_CAM/2020\INGLEFIELD_CAM_StarDot1_20200714_120000.jpg,273,313,303,0.98,0.900909091
183,7/14/2020 15:00,0,C:\Users\sgoldst3\Inglefield\PyTrx\Seth_Examples/Inglefield_Data/INGLEFIELD_CAM/2020\INGLEFIELD_CAM_StarDot1_20200714_150000.jpg,695,330,310,0.82,0.8025
184,7/14/2020 18:00,0,C:\Users\sgoldst3\Inglefield\PyTrx\Seth_Examples/Inglefield_Data/INGLEFIELD_CAM/2020\INGLEFIELD_CAM_StarDot1_20200714_180000.jpg,703,320,300,0.81,0.838181818
185,7/14/2020 21:00,0,C:\Users\sgoldst3\Inglefield\PyTrx\Seth_Examples/Inglefield_Data/INGLEFIELD_CAM/2020\INGLEFIELD_CAM_StarDot1_20200714_210000.jpg,703,325,305,0.88,0.931666667
186,7/15/2020 0:00,0,C:\Users\sgoldst3\Inglefield\PyTrx\Seth_Examples/Inglefield_Data/INGLEFIELD_CAM/2020\INGLEFIELD_CAM_StarDot1_20200715_000000.jpg,19,325,305,0.96,0.930833333
187,7/15/2020 3:00,0,C:\Users\sgoldst3\Inglefield\PyTrx\Seth_Examples/Inglefield_Data/INGLEFIELD_CAM/2020\INGLEFIELD_CAM_StarDot1_20200715_030000.jpg,19,330,310,0.89,0.84
188,7/15/2020 6:00,0,C:\Users\sgoldst3\Inglefield\PyTrx\Seth_Examples/Inglefield_Data/INGLEFIELD_CAM/2020\INGLEFIELD_CAM_StarDot1_20200715_060000.jpg,70,330,310,0.76,0.683333333
189,7/15/2020 9:00,0,C:\Users\sgoldst3\Inglefield\PyTrx\Seth_Examples/Inglefield_Data/INGLEFIELD_CAM/2020\INGLEFIELD_CAM_StarDot1_20200715_090000.jpg,260,345,325,,0.503636364
190,7/15/2020 12:00,0,C:\Users\sgoldst3\Inglefield\PyTrx\Seth_Examples/Inglefield_Data/INGLEFIELD_CAM/2020\INGLEFIELD_CAM_StarDot1_20200715_120000.jpg,260,350,330,0.42,0.345833333
191,7/15/2020 15:00,0,C:\Users\sgoldst3\Inglefield\PyTrx\Seth_Examples/Inglefield_Data/INGLEFIELD_CAM/2020\INGLEFIELD_CAM_StarDot1_20200715_150000.jpg,19,350,330,,0.232
192,7/15/2020 18:00,1,C:\Users\sgoldst3\Inglefield\PyTrx\Seth_Examples/Inglefield_Data/INGLEFIELD_CAM/2020\INGLEFIELD_CAM_StarDot1_20200715_180000.jpg,326,326,326,0.23,0.283333333
193,7/15/2020 21:00,1,C:\Users\sgoldst3\Inglefield\PyTrx\Seth_Examples/Inglefield_Data/INGLEFIELD_CAM/2020\INGLEFIELD_CAM_StarDot1_20200715_210000.jpg,323,323,323,,0.494
194,7/16/2020 0:00,2,C:\Users\sgoldst3\Inglefield\PyTrx\Seth_Examples/Inglefield_Data/INGLEFIELD_CAM/2020\INGLEFIELD_CAM_StarDot1_20200716_000000.jpg,290,330,320,0.6,0.685
195,7/16/2020 3:00,0,C:\Users\sgoldst3\Inglefield\PyTrx\Seth_Examples/Inglefield_Data/INGLEFIELD_CAM/2020\INGLEFIELD_CAM_StarDot1_20200716_030000.jpg,258,330,310,,0.765454545
196,7/16/2020 6:00,2,C:\Users\sgoldst3\Inglefield\PyTrx\Seth_Examples/Inglefield_Data/INGLEFIELD_CAM/2020\INGLEFIELD_CAM_StarDot1_20200716_060000.jpg,284,324,314,0.73,0.7
197,7/16/2020 9:00,2,C:\Users\sgoldst3\Inglefield\PyTrx\Seth_Examples/Inglefield_Data/INGLEFIELD_CAM/2020\INGLEFIELD_CAM_StarDot1_20200716_090000.jpg,287,327,317,0.65,0.588181818
198,7/16/2020 12:00,2,C:\Users\sgoldst3\Inglefield\PyTrx\Seth_Examples/Inglefield_Data/INGLEFIELD_CAM/2020\INGLEFIELD_CAM_StarDot1_20200716_120000.jpg,291,331,321,0.52,0.47
199,7/16/2020 15:00,2,C:\Users\sgoldst3\Inglefield\PyTrx\Seth_Examples/Inglefield_Data/INGLEFIELD_CAM/2020\INGLEFIELD_CAM_StarDot1_20200716_150000.jpg,293,333,323,0.41,0.391818182
200,7/16/2020 18:00,0,C:\Users\sgoldst3\Inglefield\PyTrx\Seth_Examples/Inglefield_Data/INGLEFIELD_CAM/2020\INGLEFIELD_CAM_StarDot1_20200716_180000.jpg,260,360,340,0.41,0.550909091
201,7/16/2020 21:00,,,,,,0.76,0.953
202,7/17/2020 0:00,0,C:\Users\sgoldst3\Inglefield\PyTrx\Seth_Examples/Inglefield_Data/INGLEFIELD_CAM/2020\INGLEFIELD_CAM_StarDot1_20200717_000000.jpg,704,320,300,1.1,1.191666667
203,7/17/2020 3:00,2,C:\Users\sgoldst3\Inglefield\PyTrx\Seth_Examples/Inglefield_Data/INGLEFIELD_CAM/2020\INGLEFIELD_CAM_StarDot1_20200717_030000.jpg,273,313,303,,1.169090909
204,7/17/2020 6:00,2,C:\Users\sgoldst3\Inglefield\PyTrx\Seth_Examples/Inglefield_Data/INGLEFIELD_CAM/2020\INGLEFIELD_CAM_StarDot1_20200717_060000.jpg,268,308,298,1.1,0.999090909
205,7/17/2020 9:00,2,C:\Users\sgoldst3\Inglefield\PyTrx\Seth_Examples/Inglefield_Data/INGLEFIELD_CAM/2020\INGLEFIELD_CAM_StarDot1_20200717_090000.jpg,281,321,311,,0.75
206,7/17/2020 12:00,2,C:\Users\sgoldst3\Inglefield\PyTrx\Seth_Examples/Inglefield_Data/INGLEFIELD_CAM/2020\INGLEFIELD_CAM_StarDot1_20200717_120000.jpg,288,328,318,,0.544
207,7/17/2020 15:00,2,C:\Users\sgoldst3\Inglefield\PyTrx\Seth_Examples/Inglefield_Data/INGLEFIELD_CAM/2020\INGLEFIELD_CAM_StarDot1_20200717_150000.jpg,291,331,321,0.46,0.4425
208,7/17/2020 18:00,0,C:\Users\sgoldst3\Inglefield\PyTrx\Seth_Examples/Inglefield_Data/INGLEFIELD_CAM/2020\INGLEFIELD_CAM_StarDot1_20200717_180000.jpg,704,330,310,0.47,0.584166667
209,7/17/2020 21:00,2,C:\Users\sgoldst3\Inglefield\PyTrx\Seth_Examples/Inglefield_Data/INGLEFIELD_CAM/2020\INGLEFIELD_CAM_StarDot1_20200717_210000.jpg,287,327,317,0.73,0.869166667
210,7/18/2020 0:00,2,C:\Users\sgoldst3\Inglefield\PyTrx\Seth_Examples/Inglefield_Data/INGLEFIELD_CAM/2020\INGLEFIELD_CAM_StarDot1_20200718_000000.jpg,260,300,290,1.05,1.104166667
211,7/18/2020 3:00,2,C:\Users\sgoldst3\Inglefield\PyTrx\Seth_Examples/Inglefield_Data/INGLEFIELD_CAM/2020\INGLEFIELD_CAM_StarDot1_20200718_030000.jpg,260,300,290,1.18,1.233636364
212,7/18/2020 6:00,2,C:\Users\sgoldst3\Inglefield\PyTrx\Seth_Examples/Inglefield_Data/INGLEFIELD_CAM/2020\INGLEFIELD_CAM_StarDot1_20200718_060000.jpg,260,300,290,,1.34
213,7/18/2020 9:00,2,C:\Users\sgoldst3\Inglefield\PyTrx\Seth_Examples/Inglefield_Data/INGLEFIELD_CAM/2020\INGLEFIELD_CAM_StarDot1_20200718_090000.jpg,260,300,290,1.37,1.340833333
214,7/18/2020 12:00,2,C:\Users\sgoldst3\Inglefield\PyTrx\Seth_Examples/Inglefield_Data/INGLEFIELD_CAM/2020\INGLEFIELD_CAM_StarDot1_20200718_120000.jpg,273,313,303,1.31,1.306363636
215,7/18/2020 15:00,0,C:\Users\sgoldst3\Inglefield\PyTrx\Seth_Examples/Inglefield_Data/INGLEFIELD_CAM/2020\INGLEFIELD_CAM_StarDot1_20200718_150000.jpg,694,315,295,1.34,1.4275
216,7/18/2020 18:00,1,C:\Users\sgoldst3\Inglefield\PyTrx\Seth_Examples/Inglefield_Data/INGLEFIELD_CAM/2020\INGLEFIELD_CAM_StarDot1_20200718_180000.jpg,290,290,290,1.56,1.704166667
217,7/18/2020 21:00,2,C:\Users\sgoldst3\Inglefield\PyTrx\Seth_Examples/Inglefield_Data/INGLEFIELD_CAM/2020\INGLEFIELD_CAM_StarDot1_20200718_210000.jpg,278,318,308,1.88,1.9675
218,7/19/2020 0:00,2,C:\Users\sgoldst3\Inglefield\PyTrx\Seth_Examples/Inglefield_Data/INGLEFIELD_CAM/2020\INGLEFIELD_CAM_StarDot1_20200719_000000.jpg,262,302,292,,2.134545455
219,7/19/2020 3:00,1,C:\Users\sgoldst3\Inglefield\PyTrx\Seth_Examples/Inglefield_Data/INGLEFIELD_CAM/2020\INGLEFIELD_CAM_StarDot1_20200719_030000.jpg,277,277,277,,2.013
220,7/19/2020 6:00,1,C:\Users\sgoldst3\Inglefield\PyTrx\Seth_Examples/Inglefield_Data/INGLEFIELD_CAM/2020\INGLEFIELD_CAM_StarDot1_20200719_060000.jpg,280,280,280,1.89,1.770833333
221,7/19/2020 9:00,1,C:\Users\sgoldst3\Inglefield\PyTrx\Seth_Examples/Inglefield_Data/INGLEFIELD_CAM/2020\INGLEFIELD_CAM_StarDot1_20200719_090000.jpg,287,287,287,1.62,1.521818182
222,7/19/2020 12:00,1,C:\Users\sgoldst3\Inglefield\PyTrx\Seth_Examples/Inglefield_Data/INGLEFIELD_CAM/2020\INGLEFIELD_CAM_StarDot1_20200719_120000.jpg,293,293,293,1.41,1.339166667
223,7/19/2020 15:00,1,C:\Users\sgoldst3\Inglefield\PyTrx\Seth_Examples/Inglefield_Data/INGLEFIELD_CAM/2020\INGLEFIELD_CAM_StarDot1_20200719_150000.jpg,316,316,316,1.3,1.344166667
224,7/19/2020 18:00,1,C:\Users\sgoldst3\Inglefield\PyTrx\Seth_Examples/Inglefield_Data/INGLEFIELD_CAM/2020\INGLEFIELD_CAM_StarDot1_20200719_180000.jpg,293,293,293,1.44,1.640909091
225,7/19/2020 21:00,,,,,,1.87,1.953333333
226,7/20/2020 0:00,1,C:\Users\sgoldst3\Inglefield\PyTrx\Seth_Examples/Inglefield_Data/INGLEFIELD_CAM/2020\INGLEFIELD_CAM_StarDot1_20200720_000000.jpg,280,280,280,,1.906
227,7/20/2020 3:00,1,C:\Users\sgoldst3\Inglefield\PyTrx\Seth_Examples/Inglefield_Data/INGLEFIELD_CAM/2020\INGLEFIELD_CAM_StarDot1_20200720_030000.jpg,282,282,282,,1.683
228,7/20/2020 6:00,1,C:\Users\sgoldst3\Inglefield\PyTrx\Seth_Examples/Inglefield_Data/INGLEFIELD_CAM/2020\INGLEFIELD_CAM_StarDot1_20200720_060000.jpg,288,288,288,1.56,1.465454545
229,7/20/2020 9:00,2,C:\Users\sgoldst3\Inglefield\PyTrx\Seth_Examples/Inglefield_Data/INGLEFIELD_CAM/2020\INGLEFIELD_CAM_StarDot1_20200720_090000.jpg,265,305,295,1.33,1.237272727
230,7/20/2020 12:00,2,C:\Users\sgoldst3\Inglefield\PyTrx\Seth_Examples/Inglefield_Data/INGLEFIELD_CAM/2020\INGLEFIELD_CAM_StarDot1_20200720_120000.jpg,267,307,297,1.13,1.071818182
231,7/20/2020 15:00,2,C:\Users\sgoldst3\Inglefield\PyTrx\Seth_Examples/Inglefield_Data/INGLEFIELD_CAM/2020\INGLEFIELD_CAM_StarDot1_20200720_150000.jpg,273,313,303,1.01,1.049090909
232,7/20/2020 18:00,0,C:\Users\sgoldst3\Inglefield\PyTrx\Seth_Examples/Inglefield_Data/INGLEFIELD_CAM/2020\INGLEFIELD_CAM_StarDot1_20200720_180000.jpg,103,315,295,1.14,1.337272727
233,7/20/2020 21:00,,,,,,1.57,1.7225
234,7/21/2020 0:00,1,C:\Users\sgoldst3\Inglefield\PyTrx\Seth_Examples/Inglefield_Data/INGLEFIELD_CAM/2020\INGLEFIELD_CAM_StarDot1_20200721_000000.jpg,282,282,282,1.9,1.93
235,7/21/2020 3:00,2,C:\Users\sgoldst3\Inglefield\PyTrx\Seth_Examples/Inglefield_Data/INGLEFIELD_CAM/2020\INGLEFIELD_CAM_StarDot1_20200721_030000.jpg,260,300,290,1.88,1.768
236,7/21/2020 6:00,1,C:\Users\sgoldst3\Inglefield\PyTrx\Seth_Examples/Inglefield_Data/INGLEFIELD_CAM/2020\INGLEFIELD_CAM_StarDot1_20200721_060000.jpg,288,288,288,,1.437272727
237,7/21/2020 9:00,2,C:\Users\sgoldst3\Inglefield\PyTrx\Seth_Examples/Inglefield_Data/INGLEFIELD_CAM/2020\INGLEFIELD_CAM_StarDot1_20200721_090000.jpg,266,306,296,,1.113636364
238,7/21/2020 12:00,2,C:\Users\sgoldst3\Inglefield\PyTrx\Seth_Examples/Inglefield_Data/INGLEFIELD_CAM/2020\INGLEFIELD_CAM_StarDot1_20200721_120000.jpg,280,320,310,0.99,0.884
239,7/21/2020 15:00,2,C:\Users\sgoldst3\Inglefield\PyTrx\Seth_Examples/Inglefield_Data/INGLEFIELD_CAM/2020\INGLEFIELD_CAM_StarDot1_20200721_150000.jpg,281,321,311,0.78,0.743333333
240,7/21/2020 18:00,0,C:\Users\sgoldst3\Inglefield\PyTrx\Seth_Examples/Inglefield_Data/INGLEFIELD_CAM/2020\INGLEFIELD_CAM_StarDot1_20200721_180000.jpg,114,330,310,,0.894
241,7/21/2020 21:00,2,C:\Users\sgoldst3\Inglefield\PyTrx\Seth_Examples/Inglefield_Data/INGLEFIELD_CAM/2020\INGLEFIELD_CAM_StarDot1_20200721_210000.jpg,290,330,320,1.05,1.288181818
242,7/22/2020 0:00,2,C:\Users\sgoldst3\Inglefield\PyTrx\Seth_Examples/Inglefield_Data/INGLEFIELD_CAM/2020\INGLEFIELD_CAM_StarDot1_20200722_000000.jpg,283,323,313,,1.567
243,7/22/2020 3:00,0,C:\Users\sgoldst3\Inglefield\PyTrx\Seth_Examples/Inglefield_Data/INGLEFIELD_CAM/2020\INGLEFIELD_CAM_StarDot1_20200722_030000.jpg,124,310,290,1.58,1.523
244,7/22/2020 6:00,2,C:\Users\sgoldst3\Inglefield\PyTrx\Seth_Examples/Inglefield_Data/INGLEFIELD_CAM/2020\INGLEFIELD_CAM_StarDot1_20200722_060000.jpg,261,301,291,,1.286
245,7/22/2020 9:00,2,C:\Users\sgoldst3\Inglefield\PyTrx\Seth_Examples/Inglefield_Data/INGLEFIELD_CAM/2020\INGLEFIELD_CAM_StarDot1_20200722_090000.jpg,268,308,298,,0.994
246,7/22/2020 12:00,2,C:\Users\sgoldst3\Inglefield\PyTrx\Seth_Examples/Inglefield_Data/INGLEFIELD_CAM/2020\INGLEFIELD_CAM_StarDot1_20200722_120000.jpg,279,319,309,0.85,0.768181818
247,7/22/2020 15:00,2,C:\Users\sgoldst3\Inglefield\PyTrx\Seth_Examples/Inglefield_Data/INGLEFIELD_CAM/2020\INGLEFIELD_CAM_StarDot1_20200722_150000.jpg,285,325,315,0.67,0.648333333
248,7/22/2020 18:00,0,C:\Users\sgoldst3\Inglefield\PyTrx\Seth_Examples/Inglefield_Data/INGLEFIELD_CAM/2020\INGLEFIELD_CAM_StarDot1_20200722_180000.jpg,114,330,310,,0.803
249,7/22/2020 21:00,,,,,,1.02,1.236666667
250,7/23/2020 0:00,2,C:\Users\sgoldst3\Inglefield\PyTrx\Seth_Examples/Inglefield_Data/INGLEFIELD_CAM/2020\INGLEFIELD_CAM_StarDot1_20200723_000000.jpg,287,327,317,1.44,1.545
251,7/23/2020 3:00,0,C:\Users\sgoldst3\Inglefield\PyTrx\Seth_Examples/Inglefield_Data/INGLEFIELD_CAM/2020\INGLEFIELD_CAM_StarDot1_20200723_030000.jpg,124,310,290,1.6,1.527272727
252,7/23/2020 6:00,2,C:\Users\sgoldst3\Inglefield\PyTrx\Seth_Examples/Inglefield_Data/INGLEFIELD_CAM/2020\INGLEFIELD_CAM_StarDot1_20200723_060000.jpg,262,302,292,1.44,1.305833333
253,7/23/2020 9:00,2,C:\Users\sgoldst3\Inglefield\PyTrx\Seth_Examples/Inglefield_Data/INGLEFIELD_CAM/2020\INGLEFIELD_CAM_StarDot1_20200723_090000.jpg,267,307,297,1.16,1.024166667
254,7/23/2020 12:00,2,C:\Users\sgoldst3\Inglefield\PyTrx\Seth_Examples/Inglefield_Data/INGLEFIELD_CAM/2020\INGLEFIELD_CAM_StarDot1_20200723_120000.jpg,282,322,312,0.88,0.774166667
255,7/23/2020 15:00,2,C:\Users\sgoldst3\Inglefield\PyTrx\Seth_Examples/Inglefield_Data/INGLEFIELD_CAM/2020\INGLEFIELD_CAM_StarDot1_20200723_150000.jpg,286,326,316,0.68,0.670833333
256,7/23/2020 18:00,2,C:\Users\sgoldst3\Inglefield\PyTrx\Seth_Examples/Inglefield_Data/INGLEFIELD_CAM/2020\INGLEFIELD_CAM_StarDot1_20200723_180000.jpg,286,326,316,,0.847
257,7/23/2020 21:00,,,,,,1.05,1.3025
258,7/24/2020 0:00,2,C:\Users\sgoldst3\Inglefield\PyTrx\Seth_Examples/Inglefield_Data/INGLEFIELD_CAM/2020\INGLEFIELD_CAM_StarDot1_20200724_000000.jpg,279,319,309,,1.602727273
259,7/24/2020 3:00,0,C:\Users\sgoldst3\Inglefield\PyTrx\Seth_Examples/Inglefield_Data/INGLEFIELD_CAM/2020\INGLEFIELD_CAM_StarDot1_20200724_030000.jpg,124,310,290,1.61,1.551666667
260,7/24/2020 6:00,2,C:\Users\sgoldst3\Inglefield\PyTrx\Seth_Examples/Inglefield_Data/INGLEFIELD_CAM/2020\INGLEFIELD_CAM_StarDot1_20200724_060000.jpg,261,301,291,1.45,1.321666667
261,7/24/2020 9:00,2,C:\Users\sgoldst3\Inglefield\PyTrx\Seth_Examples/Inglefield_Data/INGLEFIELD_CAM/2020\INGLEFIELD_CAM_StarDot1_20200724_090000.jpg,267,307,297,1.17,1.026666667
262,7/24/2020 12:00,2,C:\Users\sgoldst3\Inglefield\PyTrx\Seth_Examples/Inglefield_Data/INGLEFIELD_CAM/2020\INGLEFIELD_CAM_StarDot1_20200724_120000.jpg,282,322,312,0.88,0.776
263,7/24/2020 15:00,2,C:\Users\sgoldst3\Inglefield\PyTrx\Seth_Examples/Inglefield_Data/INGLEFIELD_CAM/2020\INGLEFIELD_CAM_StarDot1_20200724_150000.jpg,286,326,316,0.68,0.638181818
264,7/24/2020 18:00,0,C:\Users\sgoldst3\Inglefield\PyTrx\Seth_Examples/Inglefield_Data/INGLEFIELD_CAM/2020\INGLEFIELD_CAM_StarDot1_20200724_180000.jpg,114,330,310,0.65,0.7525
265,7/24/2020 21:00,2,C:\Users\sgoldst3\Inglefield\PyTrx\Seth_Examples/Inglefield_Data/INGLEFIELD_CAM/2020\INGLEFIELD_CAM_StarDot1_20200724_210000.jpg,295,335,325,0.93,1.135
266,7/25/2020 0:00,2,C:\Users\sgoldst3\Inglefield\PyTrx\Seth_Examples/Inglefield_Data/INGLEFIELD_CAM/2020\INGLEFIELD_CAM_StarDot1_20200725_000000.jpg,289,329,319,1.34,1.405833333
267,7/25/2020 3:00,0,C:\Users\sgoldst3\Inglefield\PyTrx\Seth_Examples/Inglefield_Data/INGLEFIELD_CAM/2020\INGLEFIELD_CAM_StarDot1_20200725_030000.jpg,124,315,295,1.43,1.369090909
268,7/25/2020 6:00,2,C:\Users\sgoldst3\Inglefield\PyTrx\Seth_Examples/Inglefield_Data/INGLEFIELD_CAM/2020\INGLEFIELD_CAM_StarDot1_20200725_060000.jpg,266,306,296,,1.15
269,7/25/2020 9:00,2,C:\Users\sgoldst3\Inglefield\PyTrx\Seth_Examples/Inglefield_Data/INGLEFIELD_CAM/2020\INGLEFIELD_CAM_StarDot1_20200725_090000.jpg,270,310,300,1.03,0.917272727
270,7/25/2020 12:00,2,C:\Users\sgoldst3\Inglefield\PyTrx\Seth_Examples/Inglefield_Data/INGLEFIELD_CAM/2020\INGLEFIELD_CAM_StarDot1_20200725_120000.jpg,284,324,314,0.78,0.689090909
271,7/25/2020 15:00,2,C:\Users\sgoldst3\Inglefield\PyTrx\Seth_Examples/Inglefield_Data/INGLEFIELD_CAM/2020\INGLEFIELD_CAM_StarDot1_20200725_150000.jpg,289,329,319,0.58,0.535454545
272,7/25/2020 18:00,2,C:\Users\sgoldst3\Inglefield\PyTrx\Seth_Examples/Inglefield_Data/INGLEFIELD_CAM/2020\INGLEFIELD_CAM_StarDot1_20200725_180000.jpg,291,331,321,,0.596666667
273,7/25/2020 21:00,0,C:\Users\sgoldst3\Inglefield\PyTrx\Seth_Examples/Inglefield_Data/INGLEFIELD_CAM/2020\INGLEFIELD_CAM_StarDot1_20200725_210000.jpg,587,320,300,,0.892
274,7/26/2020 0:00,0,C:\Users\sgoldst3\Inglefield\PyTrx\Seth_Examples/Inglefield_Data/INGLEFIELD_CAM/2020\INGLEFIELD_CAM_StarDot1_20200726_000000.jpg,675,320,300,1.07,1.155454545
275,7/26/2020 3:00,0,C:\Users\sgoldst3\Inglefield\PyTrx\Seth_Examples/Inglefield_Data/INGLEFIELD_CAM/2020\INGLEFIELD_CAM_StarDot1_20200726_030000.jpg,124,325,305,,1.198181818
276,7/26/2020 6:00,2,C:\Users\sgoldst3\Inglefield\PyTrx\Seth_Examples/Inglefield_Data/INGLEFIELD_CAM/2020\INGLEFIELD_CAM_StarDot1_20200726_060000.jpg,268,308,298,1.15,1.060833333
277,7/26/2020 9:00,2,C:\Users\sgoldst3\Inglefield\PyTrx\Seth_Examples/Inglefield_Data/INGLEFIELD_CAM/2020\INGLEFIELD_CAM_StarDot1_20200726_090000.jpg,280,320,310,0.93,0.831666667
278,7/26/2020 12:00,2,C:\Users\sgoldst3\Inglefield\PyTrx\Seth_Examples/Inglefield_Data/INGLEFIELD_CAM/2020\INGLEFIELD_CAM_StarDot1_20200726_120000.jpg,286,326,316,0.7,0.61
279,7/26/2020 15:00,2,C:\Users\sgoldst3\Inglefield\PyTrx\Seth_Examples/Inglefield_Data/INGLEFIELD_CAM/2020\INGLEFIELD_CAM_StarDot1_20200726_150000.jpg,289,329,319,0.51,0.462727273
280,7/26/2020 18:00,2,C:\Users\sgoldst3\Inglefield\PyTrx\Seth_Examples/Inglefield_Data/INGLEFIELD_CAM/2020\INGLEFIELD_CAM_StarDot1_20200726_180000.jpg,292,332,322,0.44,0.508181818
281,7/26/2020 21:00,1,C:\Users\sgoldst3\Inglefield\PyTrx\Seth_Examples/Inglefield_Data/INGLEFIELD_CAM/2020\INGLEFIELD_CAM_StarDot1_20200726_210000.jpg,320,320,320,,0.838
282,7/27/2020 0:00,2,C:\Users\sgoldst3\Inglefield\PyTrx\Seth_Examples/Inglefield_Data/INGLEFIELD_CAM/2020\INGLEFIELD_CAM_StarDot1_20200727_000000.jpg,298,338,328,,1.289
283,7/27/2020 3:00,0,C:\Users\sgoldst3\Inglefield\PyTrx\Seth_Examples/Inglefield_Data/INGLEFIELD_CAM/2020\INGLEFIELD_CAM_StarDot1_20200727_030000.jpg,124,315,295,,1.42
284,7/27/2020 6:00,2,C:\Users\sgoldst3\Inglefield\PyTrx\Seth_Examples/Inglefield_Data/INGLEFIELD_CAM/2020\INGLEFIELD_CAM_StarDot1_20200727_060000.jpg,263,303,293,,1.252222222
285,7/27/2020 9:00,2,C:\Users\sgoldst3\Inglefield\PyTrx\Seth_Examples/Inglefield_Data/INGLEFIELD_CAM/2020\INGLEFIELD_CAM_StarDot1_20200727_090000.jpg,268,308,298,1.11,0.975454545
286,7/27/2020 12:00,2,C:\Users\sgoldst3\Inglefield\PyTrx\Seth_Examples/Inglefield_Data/INGLEFIELD_CAM/2020\INGLEFIELD_CAM_StarDot1_20200727_120000.jpg,283,323,313,0.83,0.7225
287,7/27/2020 15:00,2,C:\Users\sgoldst3\Inglefield\PyTrx\Seth_Examples/Inglefield_Data/INGLEFIELD_CAM/2020\INGLEFIELD_CAM_StarDot1_20200727_150000.jpg,288,328,318,0.61,0.550833333
288,7/27/2020 18:00,2,C:\Users\sgoldst3\Inglefield\PyTrx\Seth_Examples/Inglefield_Data/INGLEFIELD_CAM/2020\INGLEFIELD_CAM_StarDot1_20200727_180000.jpg,291,331,321,0.53,0.588333333
289,7/27/2020 21:00,,,,,,0.7,0.875833333
290,7/28/2020 0:00,2,C:\Users\sgoldst3\Inglefield\PyTrx\Seth_Examples/Inglefield_Data/INGLEFIELD_CAM/2020\INGLEFIELD_CAM_StarDot1_20200728_000000.jpg,298,338,328,1.07,1.200833333
291,7/28/2020 3:00,2,C:\Users\sgoldst3\Inglefield\PyTrx\Seth_Examples/Inglefield_Data/INGLEFIELD_CAM/2020\INGLEFIELD_CAM_StarDot1_20200728_030000.jpg,260,300,290,1.28,1.25
292,7/28/2020 6:00,2,C:\Users\sgoldst3\Inglefield\PyTrx\Seth_Examples/Inglefield_Data/INGLEFIELD_CAM/2020\INGLEFIELD_CAM_StarDot1_20200728_060000.jpg,266,306,296,1.2,1.095454545
293,7/28/2020 9:00,2,C:\Users\sgoldst3\Inglefield\PyTrx\Seth_Examples/Inglefield_Data/INGLEFIELD_CAM/2020\INGLEFIELD_CAM_StarDot1_20200728_090000.jpg,271,311,301,0.96,0.857272727
294,7/28/2020 12:00,2,C:\Users\sgoldst3\Inglefield\PyTrx\Seth_Examples/Inglefield_Data/INGLEFIELD_CAM/2020\INGLEFIELD_CAM_StarDot1_20200728_120000.jpg,285,325,315,0.73,0.634545455
295,7/28/2020 15:00,2,C:\Users\sgoldst3\Inglefield\PyTrx\Seth_Examples/Inglefield_Data/INGLEFIELD_CAM/2020\INGLEFIELD_CAM_StarDot1_20200728_150000.jpg,288,328,318,0.52,0.471666667
296,7/28/2020 18:00,2,C:\Users\sgoldst3\Inglefield\PyTrx\Seth_Examples/Inglefield_Data/INGLEFIELD_CAM/2020\INGLEFIELD_CAM_StarDot1_20200728_180000.jpg,291,331,321,0.46,0.526363636
297,7/28/2020 21:00,1,C:\Users\sgoldst3\Inglefield\PyTrx\Seth_Examples/Inglefield_Data/INGLEFIELD_CAM/2020\INGLEFIELD_CAM_StarDot1_20200728_210000.jpg,321,321,321,,0.863
298,7/29/2020 0:00,0,C:\Users\sgoldst3\Inglefield\PyTrx\Seth_Examples/Inglefield_Data/INGLEFIELD_CAM/2020\INGLEFIELD_CAM_StarDot1_20200729_000000.jpg,675,330,310,1.05,1.188181818
299,7/29/2020 3:00,0,C:\Users\sgoldst3\Inglefield\PyTrx\Seth_Examples/Inglefield_Data/INGLEFIELD_CAM/2020\INGLEFIELD_CAM_StarDot1_20200729_030000.jpg,124,325,305,1.26,1.237272727
300,7/29/2020 6:00,2,C:\Users\sgoldst3\Inglefield\PyTrx\Seth_Examples/Inglefield_Data/INGLEFIELD_CAM/2020\INGLEFIELD_CAM_StarDot1_20200729_060000.jpg,267,307,297,,1.041818182
301,7/29/2020 9:00,2,C:\Users\sgoldst3\Inglefield\PyTrx\Seth_Examples/Inglefield_Data/INGLEFIELD_CAM/2020\INGLEFIELD_CAM_StarDot1_20200729_090000.jpg,281,321,311,,0.814
302,7/29/2020 12:00,2,C:\Users\sgoldst3\Inglefield\PyTrx\Seth_Examples/Inglefield_Data/INGLEFIELD_CAM/2020\INGLEFIELD_CAM_StarDot1_20200729_120000.jpg,285,325,315,0.69,0.6125
303,7/29/2020 15:00,2,C:\Users\sgoldst3\Inglefield\PyTrx\Seth_Examples/Inglefield_Data/INGLEFIELD_CAM/2020\INGLEFIELD_CAM_StarDot1_20200729_150000.jpg,289,329,319,,0.47
304,7/29/2020 18:00,2,C:\Users\sgoldst3\Inglefield\PyTrx\Seth_Examples/Inglefield_Data/INGLEFIELD_CAM/2020\INGLEFIELD_CAM_StarDot1_20200729_180000.jpg,292,332,322,0.45,0.520833333
305,7/29/2020 21:00,,,,,,,0.793636364
306,7/30/2020 0:00,0,C:\Users\sgoldst3\Inglefield\PyTrx\Seth_Examples/Inglefield_Data/INGLEFIELD_CAM/2020\INGLEFIELD_CAM_StarDot1_20200730_000000.jpg,660,340,320,,1.040909091
307,7/30/2020 3:00,0,C:\Users\sgoldst3\Inglefield\PyTrx\Seth_Examples/Inglefield_Data/INGLEFIELD_CAM/2020\INGLEFIELD_CAM_StarDot1_20200730_030000.jpg,124,325,305,,1.062
308,7/30/2020 6:00,2,C:\Users\sgoldst3\Inglefield\PyTrx\Seth_Examples/Inglefield_Data/INGLEFIELD_CAM/2020\INGLEFIELD_CAM_StarDot1_20200730_060000.jpg,274,314,304,1.01,0.925454545
309,7/30/2020 9:00,2,C:\Users\sgoldst3\Inglefield\PyTrx\Seth_Examples/Inglefield_Data/INGLEFIELD_CAM/2020\INGLEFIELD_CAM_StarDot1_20200730_090000.jpg,283,323,313,0.82,0.709090909
310,7/30/2020 12:00,2,C:\Users\sgoldst3\Inglefield\PyTrx\Seth_Examples/Inglefield_Data/INGLEFIELD_CAM/2020\INGLEFIELD_CAM_StarDot1_20200730_120000.jpg,286,326,316,0.59,0.497272727
311,7/30/2020 15:00,2,C:\Users\sgoldst3\Inglefield\PyTrx\Seth_Examples/Inglefield_Data/INGLEFIELD_CAM/2020\INGLEFIELD_CAM_StarDot1_20200730_150000.jpg,292,332,322,0.4,0.335
312,7/30/2020 18:00,2,C:\Users\sgoldst3\Inglefield\PyTrx\Seth_Examples/Inglefield_Data/INGLEFIELD_CAM/2020\INGLEFIELD_CAM_StarDot1_20200730_180000.jpg,298,338,328,0.27,0.287
313,7/30/2020 21:00,0,C:\Users\sgoldst3\Inglefield\PyTrx\Seth_Examples/Inglefield_Data/INGLEFIELD_CAM/2020\INGLEFIELD_CAM_StarDot1_20200730_210000.jpg,704,345,325,0.33,0.4325
314,7/31/2020 0:00,0,C:\Users\sgoldst3\Inglefield\PyTrx\Seth_Examples/Inglefield_Data/INGLEFIELD_CAM/2020\INGLEFIELD_CAM_StarDot1_20200731_000000.jpg,660,340,320,0.58,0.708181818
315,7/31/2020 3:00,1,C:\Users\sgoldst3\Inglefield\PyTrx\Seth_Examples/Inglefield_Data/INGLEFIELD_CAM/2020\INGLEFIELD_CAM_StarDot1_20200731_030000.jpg,301,301,301,0.9,0.893333333
316,7/31/2020 6:00,2,C:\Users\sgoldst3\Inglefield\PyTrx\Seth_Examples/Inglefield_Data/INGLEFIELD_CAM/2020\INGLEFIELD_CAM_StarDot1_20200731_060000.jpg,281,321,311,0.85,0.8
317,7/31/2020 9:00,2,C:\Users\sgoldst3\Inglefield\PyTrx\Seth_Examples/Inglefield_Data/INGLEFIELD_CAM/2020\INGLEFIELD_CAM_StarDot1_20200731_090000.jpg,285,325,315,0.71,0.621666667
318,7/31/2020 12:00,2,C:\Users\sgoldst3\Inglefield\PyTrx\Seth_Examples/Inglefield_Data/INGLEFIELD_CAM/2020\INGLEFIELD_CAM_StarDot1_20200731_120000.jpg,289,329,319,0.52,0.425454545
319,7/31/2020 15:00,2,C:\Users\sgoldst3\Inglefield\PyTrx\Seth_Examples/Inglefield_Data/INGLEFIELD_CAM/2020\INGLEFIELD_CAM_StarDot1_20200731_150000.jpg,293,333,323,0.33,0.261666667
320,7/31/2020 18:00,1,C:\Users\sgoldst3\Inglefield\PyTrx\Seth_Examples/Inglefield_Data/INGLEFIELD_CAM/2020\INGLEFIELD_CAM_StarDot1_20200731_180000.jpg,328,328,328,0.2,0.1725
321,7/31/2020 21:00,,,,,,0.18,0.24
322,8/1/2020 0:00,0,C:\Users\sgoldst3\Inglefield\PyTrx\Seth_Examples/Inglefield_Data/INGLEFIELD_CAM/2020\INGLEFIELD_CAM_StarDot1_20200801_000000.jpg,464,355,335,,0.447
323,8/1/2020 3:00,2,C:\Users\sgoldst3\Inglefield\PyTrx\Seth_Examples/Inglefield_Data/INGLEFIELD_CAM/2020\INGLEFIELD_CAM_StarDot1_20200801_030000.jpg,288,328,318,0.54,0.573333333
324,8/1/2020 6:00,2,C:\Users\sgoldst3\Inglefield\PyTrx\Seth_Examples/Inglefield_Data/INGLEFIELD_CAM/2020\INGLEFIELD_CAM_StarDot1_20200801_060000.jpg,289,329,319,0.59,0.558333333
325,8/1/2020 9:00,2,C:\Users\sgoldst3\Inglefield\PyTrx\Seth_Examples/Inglefield_Data/INGLEFIELD_CAM/2020\INGLEFIELD_CAM_StarDot1_20200801_090000.jpg,290,330,320,0.5,0.4425
326,8/1/2020 12:00,2,C:\Users\sgoldst3\Inglefield\PyTrx\Seth_Examples/Inglefield_Data/INGLEFIELD_CAM/2020\INGLEFIELD_CAM_StarDot1_20200801_120000.jpg,295,335,325,,0.28
327,8/1/2020 15:00,2,C:\Users\sgoldst3\Inglefield\PyTrx\Seth_Examples/Inglefield_Data/INGLEFIELD_CAM/2020\INGLEFIELD_CAM_StarDot1_20200801_150000.jpg,299,339,329,0.2,0.144166667
328,8/1/2020 18:00,2,C:\Users\sgoldst3\Inglefield\PyTrx\Seth_Examples/Inglefield_Data/INGLEFIELD_CAM/2020\INGLEFIELD_CAM_StarDot1_20200801_180000.jpg,294,334,324,,
329,8/1/2020 21:00,1,C:\Users\sgoldst3\Inglefield\PyTrx\Seth_Examples/Inglefield_Data/INGLEFIELD_CAM/2020\INGLEFIELD_CAM_StarDot1_20200801_210000.jpg,333,333,333,0.06,0.070833333
330,8/2/2020 0:00,2,C:\Users\sgoldst3\Inglefield\PyTrx\Seth_Examples/Inglefield_Data/INGLEFIELD_CAM/2020\INGLEFIELD_CAM_StarDot1_20200802_000000.jpg,304,344,334,,0.175454545
331,8/2/2020 3:00,0,C:\Users\sgoldst3\Inglefield\PyTrx\Seth_Examples/Inglefield_Data/INGLEFIELD_CAM/2020\INGLEFIELD_CAM_StarDot1_20200802_030000.jpg,260,365,345,,0.265555556
332,8/2/2020 6:00,0,C:\Users\sgoldst3\Inglefield\PyTrx\Seth_Examples/Inglefield_Data/INGLEFIELD_CAM/2020\INGLEFIELD_CAM_StarDot1_20200802_060000.jpg,260,365,345,0.28,0.278
333,8/2/2020 9:00,0,C:\Users\sgoldst3\Inglefield\PyTrx\Seth_Examples/Inglefield_Data/INGLEFIELD_CAM/2020\INGLEFIELD_CAM_StarDot1_20200802_090000.jpg,703,355,335,0.27,0.242727273
334,8/2/2020 12:00,0,C:\Users\sgoldst3\Inglefield\PyTrx\Seth_Examples/Inglefield_Data/INGLEFIELD_CAM/2020\INGLEFIELD_CAM_StarDot1_20200802_120000.jpg,258,365,345,,0.175454545
335,8/2/2020 15:00,2,C:\Users\sgoldst3\Inglefield\PyTrx\Seth_Examples/Inglefield_Data/INGLEFIELD_CAM/2020\INGLEFIELD_CAM_StarDot1_20200802_150000.jpg,296,336,326,,0.084
336,8/2/2020 18:00,2,C:\Users\sgoldst3\Inglefield\PyTrx\Seth_Examples/Inglefield_Data/INGLEFIELD_CAM/2020\INGLEFIELD_CAM_StarDot1_20200802_180000.jpg,304,344,334,0.06,
337,8/2/2020 21:00,,,,,,0.06,
338,8/3/2020 0:00,0,C:\Users\sgoldst3\Inglefield\PyTrx\Seth_Examples/Inglefield_Data/INGLEFIELD_CAM/2020\INGLEFIELD_CAM_StarDot1_20200803_000000.jpg,703,375,355,,
339,8/3/2020 3:00,,,,,,0.06,
340,8/3/2020 6:00,,,,,,0.06,
341,8/3/2020 9:00,,,,,,0.06,
342,8/3/2020 12:00,,,,,,0.07,
343,8/3/2020 15:00,,,,,,,
344,8/3/2020 18:00,,,,,,0.05,
345,8/3/2020 21:00,,,,,,,
346,8/4/2020 0:00,,,,,,,
347,8/4/2020 3:00,0,C:\Users\sgoldst3\Inglefield\PyTrx\Seth_Examples/Inglefield_Data/INGLEFIELD_CAM/2020\INGLEFIELD_CAM_StarDot1_20200804_030000.jpg,221,385,365,,
348,8/4/2020 6:00,0,C:\Users\sgoldst3\Inglefield\PyTrx\Seth_Examples/Inglefield_Data/INGLEFIELD_CAM/2020\INGLEFIELD_CAM_StarDot1_20200804_060000.jpg,281,385,365,0.05,
349,8/4/2020 9:00,0,C:\Users\sgoldst3\Inglefield\PyTrx\Seth_Examples/Inglefield_Data/INGLEFIELD_CAM/2020\INGLEFIELD_CAM_StarDot1_20200804_090000.jpg,216,385,365,0.05,
350,8/4/2020 12:00,2,C:\Users\sgoldst3\Inglefield\PyTrx\Seth_Examples/Inglefield_Data/INGLEFIELD_CAM/2020\INGLEFIELD_CAM_StarDot1_20200804_120000.jpg,325,365,355,0.04,
351,8/4/2020 15:00,2,C:\Users\sgoldst3\Inglefield\PyTrx\Seth_Examples/Inglefield_Data/INGLEFIELD_CAM/2020\INGLEFIELD_CAM_StarDot1_20200804_150000.jpg,323,363,353,,
352,8/4/2020 18:00,0,C:\Users\sgoldst3\Inglefield\PyTrx\Seth_Examples/Inglefield_Data/INGLEFIELD_CAM/2020\INGLEFIELD_CAM_StarDot1_20200804_180000.jpg,20,395,375,0.05,
353,8/4/2020 21:00,0,C:\Users\sgoldst3\Inglefield\PyTrx\Seth_Examples/Inglefield_Data/INGLEFIELD_CAM/2020\INGLEFIELD_CAM_StarDot1_20200804_210000.jpg,696,395,375,0.05,
354,8/5/2020 0:00,0,C:\Users\sgoldst3\Inglefield\PyTrx\Seth_Examples/Inglefield_Data/INGLEFIELD_CAM/2020\INGLEFIELD_CAM_StarDot1_20200805_000000.jpg,108,400,380,0.05,
355,8/5/2020 3:00,0,C:\Users\sgoldst3\Inglefield\PyTrx\Seth_Examples/Inglefield_Data/INGLEFIELD_CAM/2020\INGLEFIELD_CAM_StarDot1_20200805_030000.jpg,74,400,380,0.05,
356,8/5/2020 6:00,0,C:\Users\sgoldst3\Inglefield\PyTrx\Seth_Examples/Inglefield_Data/INGLEFIELD_CAM/2020\INGLEFIELD_CAM_StarDot1_20200805_060000.jpg,107,400,380,,
357,8/5/2020 9:00,0,C:\Users\sgoldst3\Inglefield\PyTrx\Seth_Examples/Inglefield_Data/INGLEFIELD_CAM/2020\INGLEFIELD_CAM_StarDot1_20200805_090000.jpg,221,400,380,,
358,8/5/2020 12:00,0,C:\Users\sgoldst3\Inglefield\PyTrx\Seth_Examples/Inglefield_Data/INGLEFIELD_CAM/2020\INGLEFIELD_CAM_StarDot1_20200805_120000.jpg,91,400,380,0.05,
359,8/5/2020 15:00,0,C:\Users\sgoldst3\Inglefield\PyTrx\Seth_Examples/Inglefield_Data/INGLEFIELD_CAM/2020\INGLEFIELD_CAM_StarDot1_20200805_150000.jpg,292,405,385,0.05,
360,8/5/2020 18:00,1,C:\Users\sgoldst3\Inglefield\PyTrx\Seth_Examples/Inglefield_Data/INGLEFIELD_CAM/2020\INGLEFIELD_CAM_StarDot1_20200805_180000.jpg,390,390,390,0.05,
361,8/5/2020 21:00,1,C:\Users\sgoldst3\Inglefield\PyTrx\Seth_Examples/Inglefield_Data/INGLEFIELD_CAM/2020\INGLEFIELD_CAM_StarDot1_20200805_210000.jpg,380,380,380,,
362,8/6/2020 0:00,2,C:\Users\sgoldst3\Inglefield\PyTrx\Seth_Examples/Inglefield_Data/INGLEFIELD_CAM/2020\INGLEFIELD_CAM_StarDot1_20200806_000000.jpg,341,381,371,0.05,
363,8/6/2020 3:00,2,C:\Users\sgoldst3\Inglefield\PyTrx\Seth_Examples/Inglefield_Data/INGLEFIELD_CAM/2020\INGLEFIELD_CAM_StarDot1_20200806_030000.jpg,348,388,378,0.05,
364,8/6/2020 6:00,0,C:\Users\sgoldst3\Inglefield\PyTrx\Seth_Examples/Inglefield_Data/INGLEFIELD_CAM/2020\INGLEFIELD_CAM_StarDot1_20200806_060000.jpg,267,410,390,0.05,
365,8/6/2020 9:00,0,C:\Users\sgoldst3\Inglefield\PyTrx\Seth_Examples/Inglefield_Data/INGLEFIELD_CAM/2020\INGLEFIELD_CAM_StarDot1_20200806_090000.jpg,232,405,385,0.05,
366,8/6/2020 12:00,0,C:\Users\sgoldst3\Inglefield\PyTrx\Seth_Examples/Inglefield_Data/INGLEFIELD_CAM/2020\INGLEFIELD_CAM_StarDot1_20200806_120000.jpg,79,405,385,0.05,
367,8/6/2020 15:00,0,C:\Users\sgoldst3\Inglefield\PyTrx\Seth_Examples/Inglefield_Data/INGLEFIELD_CAM/2020\INGLEFIELD_CAM_StarDot1_20200806_150000.jpg,301,405,385,0.05,
368,8/6/2020 18:00,0,C:\Users\sgoldst3\Inglefield\PyTrx\Seth_Examples/Inglefield_Data/INGLEFIELD_CAM/2020\INGLEFIELD_CAM_StarDot1_20200806_180000.jpg,319,400,380,0.05,
369,8/6/2020 21:00,0,C:\Users\sgoldst3\Inglefield\PyTrx\Seth_Examples/Inglefield_Data/INGLEFIELD_CAM/2020\INGLEFIELD_CAM_StarDot1_20200806_210000.jpg,678,400,380,0.05,
370,8/7/2020 0:00,0,C:\Users\sgoldst3\Inglefield\PyTrx\Seth_Examples/Inglefield_Data/INGLEFIELD_CAM/2020\INGLEFIELD_CAM_StarDot1_20200807_000000.jpg,674,400,380,0.05,
371,8/7/2020 3:00,2,C:\Users\sgoldst3\Inglefield\PyTrx\Seth_Examples/Inglefield_Data/INGLEFIELD_CAM/2020\INGLEFIELD_CAM_StarDot1_20200807_030000.jpg,350,390,380,0.05,
372,8/7/2020 6:00,0,C:\Users\sgoldst3\Inglefield\PyTrx\Seth_Examples/Inglefield_Data/INGLEFIELD_CAM/2020\INGLEFIELD_CAM_StarDot1_20200807_060000.jpg,280,400,380,0.05,
373,8/7/2020 9:00,0,C:\Users\sgoldst3\Inglefield\PyTrx\Seth_Examples/Inglefield_Data/INGLEFIELD_CAM/2020\INGLEFIELD_CAM_StarDot1_20200807_090000.jpg,222,400,380,0.05,
374,8/7/2020 12:00,0,C:\Users\sgoldst3\Inglefield\PyTrx\Seth_Examples/Inglefield_Data/INGLEFIELD_CAM/2020\INGLEFIELD_CAM_StarDot1_20200807_120000.jpg,83,400,380,0.05,
375,8/7/2020 15:00,0,C:\Users\sgoldst3\Inglefield\PyTrx\Seth_Examples/Inglefield_Data/INGLEFIELD_CAM/2020\INGLEFIELD_CAM_StarDot1_20200807_150000.jpg,292,400,380,0.05,
376,8/7/2020 18:00,1,C:\Users\sgoldst3\Inglefield\PyTrx\Seth_Examples/Inglefield_Data/INGLEFIELD_CAM/2020\INGLEFIELD_CAM_StarDot1_20200807_180000.jpg,395,395,395,0.04,
377,8/7/2020 21:00,0,C:\Users\sgoldst3\Inglefield\PyTrx\Seth_Examples/Inglefield_Data/INGLEFIELD_CAM/2020\INGLEFIELD_CAM_StarDot1_20200807_210000.jpg,651,415,395,,
378,8/8/2020 0:00,0,C:\Users\sgoldst3\Inglefield\PyTrx\Seth_Examples/Inglefield_Data/INGLEFIELD_CAM/2020\INGLEFIELD_CAM_StarDot1_20200808_000000.jpg,674,415,395,0.04,
379,8/8/2020 3:00,0,C:\Users\sgoldst3\Inglefield\PyTrx\Seth_Examples/Inglefield_Data/INGLEFIELD_CAM/2020\INGLEFIELD_CAM_StarDot1_20200808_030000.jpg,263,410,390,,
380,8/8/2020 6:00,0,C:\Users\sgoldst3\Inglefield\PyTrx\Seth_Examples/Inglefield_Data/INGLEFIELD_CAM/2020\INGLEFIELD_CAM_StarDot1_20200808_060000.jpg,80,410,390,,
381,8/8/2020 9:00,0,C:\Users\sgoldst3\Inglefield\PyTrx\Seth_Examples/Inglefield_Data/INGLEFIELD_CAM/2020\INGLEFIELD_CAM_StarDot1_20200808_090000.jpg,216,410,390,0.04,
382,8/8/2020 12:00,0,C:\Users\sgoldst3\Inglefield\PyTrx\Seth_Examples/Inglefield_Data/INGLEFIELD_CAM/2020\INGLEFIELD_CAM_StarDot1_20200808_120000.jpg,79,410,390,0.04,
383,8/8/2020 15:00,0,C:\Users\sgoldst3\Inglefield\PyTrx\Seth_Examples/Inglefield_Data/INGLEFIELD_CAM/2020\INGLEFIELD_CAM_StarDot1_20200808_150000.jpg,301,410,390,0.04,
384,8/8/2020 18:00,,,,,,0.04,
385,8/8/2020 21:00,0,C:\Users\sgoldst3\Inglefield\PyTrx\Seth_Examples/Inglefield_Data/INGLEFIELD_CAM/2020\INGLEFIELD_CAM_StarDot1_20200808_210000.jpg,651,410,390,0.04,
386,8/9/2020 0:00,0,C:\Users\sgoldst3\Inglefield\PyTrx\Seth_Examples/Inglefield_Data/INGLEFIELD_CAM/2020\INGLEFIELD_CAM_StarDot1_20200809_000000.jpg,675,415,395,0.04,
387,8/9/2020 3:00,2,C:\Users\sgoldst3\Inglefield\PyTrx\Seth_Examples/Inglefield_Data/INGLEFIELD_CAM/2020\INGLEFIELD_CAM_StarDot1_20200809_030000.jpg,351,391,381,0.04,
388,8/9/2020 6:00,0,C:\Users\sgoldst3\Inglefield\PyTrx\Seth_Examples/Inglefield_Data/INGLEFIELD_CAM/2020\INGLEFIELD_CAM_StarDot1_20200809_060000.jpg,79,415,395,0.04,
389,8/9/2020 9:00,1,C:\Users\sgoldst3\Inglefield\PyTrx\Seth_Examples/Inglefield_Data/INGLEFIELD_CAM/2020\INGLEFIELD_CAM_StarDot1_20200809_090000.jpg,392,392,392,,
390,8/9/2020 12:00,0,C:\Users\sgoldst3\Inglefield\PyTrx\Seth_Examples/Inglefield_Data/INGLEFIELD_CAM/2020\INGLEFIELD_CAM_StarDot1_20200809_120000.jpg,79,410,390,0.04,
391,8/9/2020 15:00,0,C:\Users\sgoldst3\Inglefield\PyTrx\Seth_Examples/Inglefield_Data/INGLEFIELD_CAM/2020\INGLEFIELD_CAM_StarDot1_20200809_150000.jpg,292,420,400,0.04,
392,8/9/2020 18:00,,,,,,0.04,
393,8/9/2020 21:00,1,C:\Users\sgoldst3\Inglefield\PyTrx\Seth_Examples/Inglefield_Data/INGLEFIELD_CAM/2020\INGLEFIELD_CAM_StarDot1_20200809_210000.jpg,378,378,378,0.04,
394,8/10/2020 0:00,2,C:\Users\sgoldst3\Inglefield\PyTrx\Seth_Examples/Inglefield_Data/INGLEFIELD_CAM/2020\INGLEFIELD_CAM_StarDot1_20200810_000000.jpg,352,392,382,,
395,8/10/2020 3:00,2,C:\Users\sgoldst3\Inglefield\PyTrx\Seth_Examples/Inglefield_Data/INGLEFIELD_CAM/2020\INGLEFIELD_CAM_StarDot1_20200810_030000.jpg,350,390,380,0.04,
396,8/10/2020 6:00,0,C:\Users\sgoldst3\Inglefield\PyTrx\Seth_Examples/Inglefield_Data/INGLEFIELD_CAM/2020\INGLEFIELD_CAM_StarDot1_20200810_060000.jpg,79,420,400,,
397,8/10/2020 9:00,0,C:\Users\sgoldst3\Inglefield\PyTrx\Seth_Examples/Inglefield_Data/INGLEFIELD_CAM/2020\INGLEFIELD_CAM_StarDot1_20200810_090000.jpg,209,420,400,,
398,8/10/2020 12:00,0,C:\Users\sgoldst3\Inglefield\PyTrx\Seth_Examples/Inglefield_Data/INGLEFIELD_CAM/2020\INGLEFIELD_CAM_StarDot1_20200810_120000.jpg,111,410,390,0.04,
399,8/10/2020 15:00,0,C:\Users\sgoldst3\Inglefield\PyTrx\Seth_Examples/Inglefield_Data/INGLEFIELD_CAM/2020\INGLEFIELD_CAM_StarDot1_20200810_150000.jpg,292,415,395,0.04,
400,8/10/2020 18:00,,,,,,0.04,
401,8/10/2020 21:00,1,C:\Users\sgoldst3\Inglefield\PyTrx\Seth_Examples/Inglefield_Data/INGLEFIELD_CAM/2020\INGLEFIELD_CAM_StarDot1_20200810_210000.jpg,381,381,381,0.04,
402,8/11/2020 0:00,0,C:\Users\sgoldst3\Inglefield\PyTrx\Seth_Examples/Inglefield_Data/INGLEFIELD_CAM/2020\INGLEFIELD_CAM_StarDot1_20200811_000000.jpg,655,415,395,0.04,
403,8/11/2020 3:00,0,C:\Users\sgoldst3\Inglefield\PyTrx\Seth_Examples/Inglefield_Data/INGLEFIELD_CAM/2020\INGLEFIELD_CAM_StarDot1_20200811_030000.jpg,71,420,400,,
404,8/11/2020 6:00,0,C:\Users\sgoldst3\Inglefield\PyTrx\Seth_Examples/Inglefield_Data/INGLEFIELD_CAM/2020\INGLEFIELD_CAM_StarDot1_20200811_060000.jpg,79,420,400,0.04,
405,8/11/2020 9:00,0,C:\Users\sgoldst3\Inglefield\PyTrx\Seth_Examples/Inglefield_Data/INGLEFIELD_CAM/2020\INGLEFIELD_CAM_StarDot1_20200811_090000.jpg,197,420,400,0.04,
406,8/11/2020 12:00,0,C:\Users\sgoldst3\Inglefield\PyTrx\Seth_Examples/Inglefield_Data/INGLEFIELD_CAM/2020\INGLEFIELD_CAM_StarDot1_20200811_120000.jpg,111,420,400,0.04,
407,8/11/2020 15:00,0,C:\Users\sgoldst3\Inglefield\PyTrx\Seth_Examples/Inglefield_Data/INGLEFIELD_CAM/2020\INGLEFIELD_CAM_StarDot1_20200811_150000.jpg,301,420,400,0.04,
408,8/11/2020 18:00,,,,,,0.04,
409,8/11/2020 21:00,1,C:\Users\sgoldst3\Inglefield\PyTrx\Seth_Examples/Inglefield_Data/INGLEFIELD_CAM/2020\INGLEFIELD_CAM_StarDot1_20200811_210000.jpg,416,416,416,,
410,8/12/2020 0:00,2,C:\Users\sgoldst3\Inglefield\PyTrx\Seth_Examples/Inglefield_Data/INGLEFIELD_CAM/2020\INGLEFIELD_CAM_StarDot1_20200812_000000.jpg,349,389,379,,
411,8/12/2020 3:00,0,C:\Users\sgoldst3\Inglefield\PyTrx\Seth_Examples/Inglefield_Data/INGLEFIELD_CAM/2020\INGLEFIELD_CAM_StarDot1_20200812_030000.jpg,71,420,400,0.03,
412,8/12/2020 6:00,0,C:\Users\sgoldst3\Inglefield\PyTrx\Seth_Examples/Inglefield_Data/INGLEFIELD_CAM/2020\INGLEFIELD_CAM_StarDot1_20200812_060000.jpg,79,425,405,0.03,
413,8/12/2020 9:00,2,C:\Users\sgoldst3\Inglefield\PyTrx\Seth_Examples/Inglefield_Data/INGLEFIELD_CAM/2020\INGLEFIELD_CAM_StarDot1_20200812_090000.jpg,351,391,381,0.03,
414,8/12/2020 12:00,0,C:\Users\sgoldst3\Inglefield\PyTrx\Seth_Examples/Inglefield_Data/INGLEFIELD_CAM/2020\INGLEFIELD_CAM_StarDot1_20200812_120000.jpg,284,425,405,0.03,
415,8/12/2020 15:00,0,C:\Users\sgoldst3\Inglefield\PyTrx\Seth_Examples/Inglefield_Data/INGLEFIELD_CAM/2020\INGLEFIELD_CAM_StarDot1_20200812_150000.jpg,293,425,405,0.03,
416,8/12/2020 18:00,1,C:\Users\sgoldst3\Inglefield\PyTrx\Seth_Examples/Inglefield_Data/INGLEFIELD_CAM/2020\INGLEFIELD_CAM_StarDot1_20200812_180000.jpg,417,417,417,0.03,
417,8/12/2020 21:00,0,C:\Users\sgoldst3\Inglefield\PyTrx\Seth_Examples/Inglefield_Data/INGLEFIELD_CAM/2020\INGLEFIELD_CAM_StarDot1_20200812_210000.jpg,692,425,405,,
418,8/13/2020 0:00,1,C:\Users\sgoldst3\Inglefield\PyTrx\Seth_Examples/Inglefield_Data/INGLEFIELD_CAM/2020\INGLEFIELD_CAM_StarDot1_20200813_000000.jpg,421,421,421,,
419,8/13/2020 3:00,1,C:\Users\sgoldst3\Inglefield\PyTrx\Seth_Examples/Inglefield_Data/INGLEFIELD_CAM/2020\INGLEFIELD_CAM_StarDot1_20200813_030000.jpg,421,421,421,0.03,
420,8/13/2020 6:00,1,C:\Users\sgoldst3\Inglefield\PyTrx\Seth_Examples/Inglefield_Data/INGLEFIELD_CAM/2020\INGLEFIELD_CAM_StarDot1_20200813_060000.jpg,416,416,416,,
421,8/13/2020 9:00,0,C:\Users\sgoldst3\Inglefield\PyTrx\Seth_Examples/Inglefield_Data/INGLEFIELD_CAM/2020\INGLEFIELD_CAM_StarDot1_20200813_090000.jpg,260,425,405,0.03,
422,8/13/2020 12:00,1,C:\Users\sgoldst3\Inglefield\PyTrx\Seth_Examples/Inglefield_Data/INGLEFIELD_CAM/2020\INGLEFIELD_CAM_StarDot1_20200813_120000.jpg,419,419,419,0.03,
423,8/13/2020 15:00,1,C:\Users\sgoldst3\Inglefield\PyTrx\Seth_Examples/Inglefield_Data/INGLEFIELD_CAM/2020\INGLEFIELD_CAM_StarDot1_20200813_150000.jpg,418,418,418,,
424,8/13/2020 18:00,0,C:\Users\sgoldst3\Inglefield\PyTrx\Seth_Examples/Inglefield_Data/INGLEFIELD_CAM/2020\INGLEFIELD_CAM_StarDot1_20200813_180000.jpg,107,420,400,,
425,8/13/2020 21:00,1,C:\Users\sgoldst3\Inglefield\PyTrx\Seth_Examples/Inglefield_Data/INGLEFIELD_CAM/2020\INGLEFIELD_CAM_StarDot1_20200813_210000.jpg,419,419,419,,
426,8/14/2020 0:00,2,C:\Users\sgoldst3\Inglefield\PyTrx\Seth_Examples/Inglefield_Data/INGLEFIELD_CAM/2020\INGLEFIELD_CAM_StarDot1_20200814_000000.jpg,353,393,383,,
427,8/14/2020 3:00,2,C:\Users\sgoldst3\Inglefield\PyTrx\Seth_Examples/Inglefield_Data/INGLEFIELD_CAM/2020\INGLEFIELD_CAM_StarDot1_20200814_030000.jpg,355,395,385,0.03,
428,8/14/2020 6:00,2,C:\Users\sgoldst3\Inglefield\PyTrx\Seth_Examples/Inglefield_Data/INGLEFIELD_CAM/2020\INGLEFIELD_CAM_StarDot1_20200814_060000.jpg,355,395,385,0.03,
429,8/14/2020 9:00,1,C:\Users\sgoldst3\Inglefield\PyTrx\Seth_Examples/Inglefield_Data/INGLEFIELD_CAM/2020\INGLEFIELD_CAM_StarDot1_20200814_090000.jpg,421,421,421,,
430,8/14/2020 12:00,1,C:\Users\sgoldst3\Inglefield\PyTrx\Seth_Examples/Inglefield_Data/INGLEFIELD_CAM/2020\INGLEFIELD_CAM_StarDot1_20200814_120000.jpg,421,421,421,,
431,8/14/2020 15:00,1,C:\Users\sgoldst3\Inglefield\PyTrx\Seth_Examples/Inglefield_Data/INGLEFIELD_CAM/2020\INGLEFIELD_CAM_StarDot1_20200814_150000.jpg,422,422,422,,
432,8/14/2020 18:00,,,,,,,
433,8/14/2020 21:00,2,C:\Users\sgoldst3\Inglefield\PyTrx\Seth_Examples/Inglefield_Data/INGLEFIELD_CAM/2020\INGLEFIELD_CAM_StarDot1_20200814_210000.jpg,355,395,385,0.03,
434,8/15/2020 0:00,2,C:\Users\sgoldst3\Inglefield\PyTrx\Seth_Examples/Inglefield_Data/INGLEFIELD_CAM/2020\INGLEFIELD_CAM_StarDot1_20200815_000000.jpg,366,406,396,,
435,8/15/2020 3:00,1,C:\Users\sgoldst3\Inglefield\PyTrx\Seth_Examples/Inglefield_Data/INGLEFIELD_CAM/2020\INGLEFIELD_CAM_StarDot1_20200815_030000.jpg,426,426,426,0.03,
436,8/15/2020 6:00,1,C:\Users\sgoldst3\Inglefield\PyTrx\Seth_Examples/Inglefield_Data/INGLEFIELD_CAM/2020\INGLEFIELD_CAM_StarDot1_20200815_060000.jpg,424,424,424,,
437,8/15/2020 9:00,0,C:\Users\sgoldst3\Inglefield\PyTrx\Seth_Examples/Inglefield_Data/INGLEFIELD_CAM/2020\INGLEFIELD_CAM_StarDot1_20200815_090000.jpg,151,430,410,0.03,
438,8/15/2020 12:00,0,C:\Users\sgoldst3\Inglefield\PyTrx\Seth_Examples/Inglefield_Data/INGLEFIELD_CAM/2020\INGLEFIELD_CAM_StarDot1_20200815_120000.jpg,83,425,405,,
439,8/15/2020 15:00,1,C:\Users\sgoldst3\Inglefield\PyTrx\Seth_Examples/Inglefield_Data/INGLEFIELD_CAM/2020\INGLEFIELD_CAM_StarDot1_20200815_150000.jpg,424,424,424,,
440,8/15/2020 18:00,,,,,,0.03,
441,8/15/2020 21:00,0,C:\Users\sgoldst3\Inglefield\PyTrx\Seth_Examples/Inglefield_Data/INGLEFIELD_CAM/2020\INGLEFIELD_CAM_StarDot1_20200815_210000.jpg,632,425,405,0.03,
442,8/16/2020 0:00,0,C:\Users\sgoldst3\Inglefield\PyTrx\Seth_Examples/Inglefield_Data/INGLEFIELD_CAM/2020\INGLEFIELD_CAM_StarDot1_20200816_000000.jpg,674,425,405,0.03,
443,8/16/2020 3:00,1,C:\Users\sgoldst3\Inglefield\PyTrx\Seth_Examples/Inglefield_Data/INGLEFIELD_CAM/2020\INGLEFIELD_CAM_StarDot1_20200816_030000.jpg,423,423,423,0.03,
444,8/16/2020 6:00,1,C:\Users\sgoldst3\Inglefield\PyTrx\Seth_Examples/Inglefield_Data/INGLEFIELD_CAM/2020\INGLEFIELD_CAM_StarDot1_20200816_060000.jpg,423,423,423,0.03,
445,8/16/2020 9:00,1,C:\Users\sgoldst3\Inglefield\PyTrx\Seth_Examples/Inglefield_Data/INGLEFIELD_CAM/2020\INGLEFIELD_CAM_StarDot1_20200816_090000.jpg,423,423,423,0.03,
446,8/16/2020 12:00,0,C:\Users\sgoldst3\Inglefield\PyTrx\Seth_Examples/Inglefield_Data/INGLEFIELD_CAM/2020\INGLEFIELD_CAM_StarDot1_20200816_120000.jpg,285,425,405,,
447,8/16/2020 15:00,0,C:\Users\sgoldst3\Inglefield\PyTrx\Seth_Examples/Inglefield_Data/INGLEFIELD_CAM/2020\INGLEFIELD_CAM_StarDot1_20200816_150000.jpg,301,430,410,,
448,8/16/2020 18:00,,,,,,,
449,8/16/2020 21:00,1,C:\Users\sgoldst3\Inglefield\PyTrx\Seth_Examples/Inglefield_Data/INGLEFIELD_CAM/2020\INGLEFIELD_CAM_StarDot1_20200816_210000.jpg,423,423,423,,
450,8/17/2020 0:00,0,C:\Users\sgoldst3\Inglefield\PyTrx\Seth_Examples/Inglefield_Data/INGLEFIELD_CAM/2020\INGLEFIELD_CAM_StarDot1_20200817_000000.jpg,675,425,405,0.03,
451,8/17/2020 3:00,1,C:\Users\sgoldst3\Inglefield\PyTrx\Seth_Examples/Inglefield_Data/INGLEFIELD_CAM/2020\INGLEFIELD_CAM_StarDot1_20200817_030000.jpg,402,402,402,0.02,
452,8/17/2020 6:00,1,C:\Users\sgoldst3\Inglefield\PyTrx\Seth_Examples/Inglefield_Data/INGLEFIELD_CAM/2020\INGLEFIELD_CAM_StarDot1_20200817_060000.jpg,424,424,424,,
453,8/17/2020 9:00,1,C:\Users\sgoldst3\Inglefield\PyTrx\Seth_Examples/Inglefield_Data/INGLEFIELD_CAM/2020\INGLEFIELD_CAM_StarDot1_20200817_090000.jpg,424,424,424,0.02,
454,8/17/2020 12:00,0,C:\Users\sgoldst3\Inglefield\PyTrx\Seth_Examples/Inglefield_Data/INGLEFIELD_CAM/2020\INGLEFIELD_CAM_StarDot1_20200817_120000.jpg,87,425,405,,
455,8/17/2020 15:00,0,C:\Users\sgoldst3\Inglefield\PyTrx\Seth_Examples/Inglefield_Data/INGLEFIELD_CAM/2020\INGLEFIELD_CAM_StarDot1_20200817_150000.jpg,301,430,410,0.02,
456,8/17/2020 18:00,,,,,,0.02,
457,8/17/2020 21:00,1,C:\Users\sgoldst3\Inglefield\PyTrx\Seth_Examples/Inglefield_Data/INGLEFIELD_CAM/2020\INGLEFIELD_CAM_StarDot1_20200817_210000.jpg,417,417,417,0.02,
458,8/18/2020 0:00,1,C:\Users\sgoldst3\Inglefield\PyTrx\Seth_Examples/Inglefield_Data/INGLEFIELD_CAM/2020\INGLEFIELD_CAM_StarDot1_20200818_000000.jpg,424,424,424,0.02,
459,8/18/2020 3:00,0,C:\Users\sgoldst3\Inglefield\PyTrx\Seth_Examples/Inglefield_Data/INGLEFIELD_CAM/2020\INGLEFIELD_CAM_StarDot1_20200818_030000.jpg,259,430,410,,
460,8/18/2020 6:00,1,C:\Users\sgoldst3\Inglefield\PyTrx\Seth_Examples/Inglefield_Data/INGLEFIELD_CAM/2020\INGLEFIELD_CAM_StarDot1_20200818_060000.jpg,425,425,425,0.02,
461,8/18/2020 9:00,1,C:\Users\sgoldst3\Inglefield\PyTrx\Seth_Examples/Inglefield_Data/INGLEFIELD_CAM/2020\INGLEFIELD_CAM_StarDot1_20200818_090000.jpg,425,425,425,0.02,
462,8/18/2020 12:00,1,C:\Users\sgoldst3\Inglefield\PyTrx\Seth_Examples/Inglefield_Data/INGLEFIELD_CAM/2020\INGLEFIELD_CAM_StarDot1_20200818_120000.jpg,426,426,426,0.02,
463,8/18/2020 15:00,1,C:\Users\sgoldst3\Inglefield\PyTrx\Seth_Examples/Inglefield_Data/INGLEFIELD_CAM/2020\INGLEFIELD_CAM_StarDot1_20200818_150000.jpg,429,429,429,0.02,
464,8/18/2020 18:00,,,,,,0.02,
465,8/18/2020 21:00,1,C:\Users\sgoldst3\Inglefield\PyTrx\Seth_Examples/Inglefield_Data/INGLEFIELD_CAM/2020\INGLEFIELD_CAM_StarDot1_20200818_210000.jpg,429,429,429,0.02,
466,8/19/2020 0:00,1,C:\Users\sgoldst3\Inglefield\PyTrx\Seth_Examples/Inglefield_Data/INGLEFIELD_CAM/2020\INGLEFIELD_CAM_StarDot1_20200819_000000.jpg,425,425,425,,
467,8/19/2020 3:00,1,C:\Users\sgoldst3\Inglefield\PyTrx\Seth_Examples/Inglefield_Data/INGLEFIELD_CAM/2020\INGLEFIELD_CAM_StarDot1_20200819_030000.jpg,430,430,430,,
468,8/19/2020 6:00,1,C:\Users\sgoldst3\Inglefield\PyTrx\Seth_Examples/Inglefield_Data/INGLEFIELD_CAM/2020\INGLEFIELD_CAM_StarDot1_20200819_060000.jpg,426,426,426,0.02,
469,8/19/2020 9:00,0,C:\Users\sgoldst3\Inglefield\PyTrx\Seth_Examples/Inglefield_Data/INGLEFIELD_CAM/2020\INGLEFIELD_CAM_StarDot1_20200819_090000.jpg,703,365,345,,0.246363636
470,8/19/2020 12:00,0,C:\Users\sgoldst3\Inglefield\PyTrx\Seth_Examples/Inglefield_Data/INGLEFIELD_CAM/2020\INGLEFIELD_CAM_StarDot1_20200819_120000.jpg,703,350,330,0.5,0.466363636
471,8/19/2020 15:00,2,C:\Users\sgoldst3\Inglefield\PyTrx\Seth_Examples/Inglefield_Data/INGLEFIELD_CAM/2020\INGLEFIELD_CAM_StarDot1_20200819_150000.jpg,291,331,321,,0.334
472,8/19/2020 18:00,2,C:\Users\sgoldst3\Inglefield\PyTrx\Seth_Examples/Inglefield_Data/INGLEFIELD_CAM/2020\INGLEFIELD_CAM_StarDot1_20200819_180000.jpg,294,334,324,0.29,0.385454545
473,8/19/2020 21:00,0,C:\Users\sgoldst3\Inglefield\PyTrx\Seth_Examples/Inglefield_Data/INGLEFIELD_CAM/2020\INGLEFIELD_CAM_StarDot1_20200819_210000.jpg,18,345,325,0.6,0.796363636
474,8/20/2020 0:00,0,C:\Users\sgoldst3\Inglefield\PyTrx\Seth_Examples/Inglefield_Data/INGLEFIELD_CAM/2020\INGLEFIELD_CAM_StarDot1_20200820_000000.jpg,703,325,305,,1.118
475,8/20/2020 3:00,1,C:\Users\sgoldst3\Inglefield\PyTrx\Seth_Examples/Inglefield_Data/INGLEFIELD_CAM/2020\INGLEFIELD_CAM_StarDot1_20200820_030000.jpg,318,318,318,1.25,1.294166667
476,8/20/2020 6:00,0,C:\Users\sgoldst3\Inglefield\PyTrx\Seth_Examples/Inglefield_Data/INGLEFIELD_CAM/2020\INGLEFIELD_CAM_StarDot1_20200820_060000.jpg,507,315,295,1.39,1.503
477,8/20/2020 9:00,1,C:\Users\sgoldst3\Inglefield\PyTrx\Seth_Examples/Inglefield_Data/INGLEFIELD_CAM/2020\INGLEFIELD_CAM_StarDot1_20200820_090000.jpg,304,304,304,1.57,1.653333333
478,8/20/2020 12:00,1,C:\Users\sgoldst3\Inglefield\PyTrx\Seth_Examples/Inglefield_Data/INGLEFIELD_CAM/2020\INGLEFIELD_CAM_StarDot1_20200820_120000.jpg,282,282,282,1.82,2.017272727
479,8/20/2020 15:00,1,C:\Users\sgoldst3\Inglefield\PyTrx\Seth_Examples/Inglefield_Data/INGLEFIELD_CAM/2020\INGLEFIELD_CAM_StarDot1_20200820_150000.jpg,271,271,271,,2.283636364
480,8/20/2020 18:00,1,C:\Users\sgoldst3\Inglefield\PyTrx\Seth_Examples/Inglefield_Data/INGLEFIELD_CAM/2020\INGLEFIELD_CAM_StarDot1_20200820_180000.jpg,289,289,289,2.26,2.296
481,8/20/2020 21:00,2,C:\Users\sgoldst3\Inglefield\PyTrx\Seth_Examples/Inglefield_Data/INGLEFIELD_CAM/2020\INGLEFIELD_CAM_StarDot1_20200820_210000.jpg,267,307,297,2.32,2.45
482,8/21/2020 0:00,2,C:\Users\sgoldst3\Inglefield\PyTrx\Seth_Examples/Inglefield_Data/INGLEFIELD_CAM/2020\INGLEFIELD_CAM_StarDot1_20200821_000000.jpg,252,292,282,2.56,2.478333333
483,8/21/2020 3:00,2,C:\Users\sgoldst3\Inglefield\PyTrx\Seth_Examples/Inglefield_Data/INGLEFIELD_CAM/2020\INGLEFIELD_CAM_StarDot1_20200821_030000.jpg,254,294,284,2.33,2.183333333
484,8/21/2020 6:00,2,C:\Users\sgoldst3\Inglefield\PyTrx\Seth_Examples/Inglefield_Data/INGLEFIELD_CAM/2020\INGLEFIELD_CAM_StarDot1_20200821_060000.jpg,278,318,308,2,1.839166667
485,8/21/2020 9:00,0,C:\Users\sgoldst3\Inglefield\PyTrx\Seth_Examples/Inglefield_Data/INGLEFIELD_CAM/2020\INGLEFIELD_CAM_StarDot1_20200821_090000.jpg,638,310,290,1.68,1.513636364
486,8/21/2020 12:00,0,C:\Users\sgoldst3\Inglefield\PyTrx\Seth_Examples/Inglefield_Data/INGLEFIELD_CAM/2020\INGLEFIELD_CAM_StarDot1_20200821_120000.jpg,82,315,295,,1.137
487,8/21/2020 15:00,2,C:\Users\sgoldst3\Inglefield\PyTrx\Seth_Examples/Inglefield_Data/INGLEFIELD_CAM/2020\INGLEFIELD_CAM_StarDot1_20200821_150000.jpg,260,300,290,0.95,0.821666667
488,8/21/2020 18:00,,,,,,0.66,0.552727273
489,8/21/2020 21:00,0,C:\Users\sgoldst3\Inglefield\PyTrx\Seth_Examples/Inglefield_Data/INGLEFIELD_CAM/2020\INGLEFIELD_CAM_StarDot1_20200821_210000.jpg,566,350,330,0.44,0.376666667
490,8/22/2020 0:00,2,C:\Users\sgoldst3\Inglefield\PyTrx\Seth_Examples/Inglefield_Data/INGLEFIELD_CAM/2020\INGLEFIELD_CAM_StarDot1_20200822_000000.jpg,298,338,328,0.32,0.290909091
491,8/22/2020 3:00,2,C:\Users\sgoldst3\Inglefield\PyTrx\Seth_Examples/Inglefield_Data/INGLEFIELD_CAM/2020\INGLEFIELD_CAM_StarDot1_20200822_030000.jpg,294,334,324,,0.215454545
492,8/22/2020 6:00,2,C:\Users\sgoldst3\Inglefield\PyTrx\Seth_Examples/Inglefield_Data/INGLEFIELD_CAM/2020\INGLEFIELD_CAM_StarDot1_20200822_060000.jpg,296,336,326,0.18,0.134166667
493,8/22/2020 9:00,2,C:\Users\sgoldst3\Inglefield\PyTrx\Seth_Examples/Inglefield_Data/INGLEFIELD_CAM/2020\INGLEFIELD_CAM_StarDot1_20200822_090000.jpg,296,336,326,,
494,8/22/2020 12:00,2,C:\Users\sgoldst3\Inglefield\PyTrx\Seth_Examples/Inglefield_Data/INGLEFIELD_CAM/2020\INGLEFIELD_CAM_StarDot1_20200822_120000.jpg,297,337,327,,
495,8/22/2020 15:00,0,C:\Users\sgoldst3\Inglefield\PyTrx\Seth_Examples/Inglefield_Data/INGLEFIELD_CAM/2020\INGLEFIELD_CAM_StarDot1_20200822_150000.jpg,704,365,345,0.06,
496,8/22/2020 18:00,,,,,,0.06,
497,8/22/2020 21:00,0,C:\Users\sgoldst3\Inglefield\PyTrx\Seth_Examples/Inglefield_Data/INGLEFIELD_CAM/2020\INGLEFIELD_CAM_StarDot1_20200822_210000.jpg,703,370,350,0.06,
498,8/23/2020 0:00,2,C:\Users\sgoldst3\Inglefield\PyTrx\Seth_Examples/Inglefield_Data/INGLEFIELD_CAM/2020\INGLEFIELD_CAM_StarDot1_20200823_000000.jpg,302,342,332,0.06,
499,8/23/2020 3:00,0,C:\Users\sgoldst3\Inglefield\PyTrx\Seth_Examples/Inglefield_Data/INGLEFIELD_CAM/2020\INGLEFIELD_CAM_StarDot1_20200823_030000.jpg,703,385,365,0.06,
500,8/23/2020 6:00,0,C:\Users\sgoldst3\Inglefield\PyTrx\Seth_Examples/Inglefield_Data/INGLEFIELD_CAM/2020\INGLEFIELD_CAM_StarDot1_20200823_060000.jpg,704,385,365,0.06,
501,8/23/2020 9:00,1,C:\Users\sgoldst3\Inglefield\PyTrx\Seth_Examples/Inglefield_Data/INGLEFIELD_CAM/2020\INGLEFIELD_CAM_StarDot1_20200823_090000.jpg,372,372,372,0.06,
502,8/23/2020 12:00,0,C:\Users\sgoldst3\Inglefield\PyTrx\Seth_Examples/Inglefield_Data/INGLEFIELD_CAM/2020\INGLEFIELD_CAM_StarDot1_20200823_120000.jpg,19,385,365,0.06,
503,8/23/2020 15:00,0,C:\Users\sgoldst3\Inglefield\PyTrx\Seth_Examples/Inglefield_Data/INGLEFIELD_CAM/2020\INGLEFIELD_CAM_StarDot1_20200823_150000.jpg,260,385,385,,
504,8/23/2020 18:00,,,,,,0.06,
505,8/23/2020 21:00,0,C:\Users\sgoldst3\Inglefield\PyTrx\Seth_Examples/Inglefield_Data/INGLEFIELD_CAM/2020\INGLEFIELD_CAM_StarDot1_20200823_210000.jpg,659,385,365,0.06,
506,8/24/2020 0:00,0,C:\Users\sgoldst3\Inglefield\PyTrx\Seth_Examples/Inglefield_Data/INGLEFIELD_CAM/2020\INGLEFIELD_CAM_StarDot1_20200824_000000.jpg,682,380,360,0.06,
507,8/24/2020 3:00,0,C:\Users\sgoldst3\Inglefield\PyTrx\Seth_Examples/Inglefield_Data/INGLEFIELD_CAM/2020\INGLEFIELD_CAM_StarDot1_20200824_030000.jpg,703,385,365,,
508,8/24/2020 6:00,1,C:\Users\sgoldst3\Inglefield\PyTrx\Seth_Examples/Inglefield_Data/INGLEFIELD_CAM/2020\INGLEFIELD_CAM_StarDot1_20200824_060000.jpg,388,388,388,,
509,8/24/2020 9:00,1,C:\Users\sgoldst3\Inglefield\PyTrx\Seth_Examples/Inglefield_Data/INGLEFIELD_CAM/2020\INGLEFIELD_CAM_StarDot1_20200824_090000.jpg,388,388,388,0.06,
510,8/24/2020 12:00,0,C:\Users\sgoldst3\Inglefield\PyTrx\Seth_Examples/Inglefield_Data/INGLEFIELD_CAM/2020\INGLEFIELD_CAM_StarDot1_20200824_120000.jpg,292,390,370,0.06,
511,8/24/2020 15:00,0,C:\Users\sgoldst3\Inglefield\PyTrx\Seth_Examples/Inglefield_Data/INGLEFIELD_CAM/2020\INGLEFIELD_CAM_StarDot1_20200824_150000.jpg,83,390,370,0.06,
512,8/24/2020 18:00,,,,,,0.06,
513,8/24/2020 21:00,0,C:\Users\sgoldst3\Inglefield\PyTrx\Seth_Examples/Inglefield_Data/INGLEFIELD_CAM/2020\INGLEFIELD_CAM_StarDot1_20200824_210000.jpg,703,395,375,0.05,
514,8/25/2020 0:00,2,C:\Users\sgoldst3\Inglefield\PyTrx\Seth_Examples/Inglefield_Data/INGLEFIELD_CAM/2020\INGLEFIELD_CAM_StarDot1_20200825_000000.jpg,342,382,372,0.05,
515,8/25/2020 3:00,2,C:\Users\sgoldst3\Inglefield\PyTrx\Seth_Examples/Inglefield_Data/INGLEFIELD_CAM/2020\INGLEFIELD_CAM_StarDot1_20200825_030000.jpg,343,383,373,,
516,8/25/2020 6:00,0,C:\Users\sgoldst3\Inglefield\PyTrx\Seth_Examples/Inglefield_Data/INGLEFIELD_CAM/2020\INGLEFIELD_CAM_StarDot1_20200825_060000.jpg,61,405,385,0.05,
517,8/25/2020 9:00,1,C:\Users\sgoldst3\Inglefield\PyTrx\Seth_Examples/Inglefield_Data/INGLEFIELD_CAM/2020\INGLEFIELD_CAM_StarDot1_20200825_090000.jpg,396,396,396,0.05,
518,8/25/2020 12:00,2,C:\Users\sgoldst3\Inglefield\PyTrx\Seth_Examples/Inglefield_Data/INGLEFIELD_CAM/2020\INGLEFIELD_CAM_StarDot1_20200825_120000.jpg,345,385,375,0.05,
519,8/25/2020 15:00,2,C:\Users\sgoldst3\Inglefield\PyTrx\Seth_Examples/Inglefield_Data/INGLEFIELD_CAM/2020\INGLEFIELD_CAM_StarDot1_20200825_150000.jpg,345,385,375,0.05,
520,8/25/2020 18:00,,,,,,,
521,8/25/2020 21:00,0,C:\Users\sgoldst3\Inglefield\PyTrx\Seth_Examples/Inglefield_Data/INGLEFIELD_CAM/2020\INGLEFIELD_CAM_StarDot1_20200825_210000.jpg,260,410,390,0.05,
522,8/26/2020 0:00,1,C:\Users\sgoldst3\Inglefield\PyTrx\Seth_Examples/Inglefield_Data/INGLEFIELD_CAM/2020\INGLEFIELD_CAM_StarDot1_20200826_000000.jpg,405,405,405,0.05,
523,8/26/2020 3:00,0,C:\Users\sgoldst3\Inglefield\PyTrx\Seth_Examples/Inglefield_Data/INGLEFIELD_CAM/2020\INGLEFIELD_CAM_StarDot1_20200826_030000.jpg,18,410,390,0.05,
524,8/26/2020 6:00,1,C:\Users\sgoldst3\Inglefield\PyTrx\Seth_Examples/Inglefield_Data/INGLEFIELD_CAM/2020\INGLEFIELD_CAM_StarDot1_20200826_060000.jpg,415,415,415,,
525,8/26/2020 9:00,1,C:\Users\sgoldst3\Inglefield\PyTrx\Seth_Examples/Inglefield_Data/INGLEFIELD_CAM/2020\INGLEFIELD_CAM_StarDot1_20200826_090000.jpg,418,418,418,,
526,8/26/2020 12:00,1,C:\Users\sgoldst3\Inglefield\PyTrx\Seth_Examples/Inglefield_Data/INGLEFIELD_CAM/2020\INGLEFIELD_CAM_StarDot1_20200826_120000.jpg,415,415,415,0.06,
527,8/26/2020 15:00,1,C:\Users\sgoldst3\Inglefield\PyTrx\Seth_Examples/Inglefield_Data/INGLEFIELD_CAM/2020\INGLEFIELD_CAM_StarDot1_20200826_150000.jpg,412,412,412,0.06,
528,8/26/2020 18:00,1,C:\Users\sgoldst3\Inglefield\PyTrx\Seth_Examples/Inglefield_Data/INGLEFIELD_CAM/2020\INGLEFIELD_CAM_StarDot1_20200826_180000.jpg,417,417,417,0.06,
529,8/26/2020 21:00,1,C:\Users\sgoldst3\Inglefield\PyTrx\Seth_Examples/Inglefield_Data/INGLEFIELD_CAM/2020\INGLEFIELD_CAM_StarDot1_20200826_210000.jpg,413,413,413,0.06,
530,8/27/2020 0:00,1,C:\Users\sgoldst3\Inglefield\PyTrx\Seth_Examples/Inglefield_Data/INGLEFIELD_CAM/2020\INGLEFIELD_CAM_StarDot1_20200827_000000.jpg,416,416,416,0.06,
531,8/27/2020 3:00,1,C:\Users\sgoldst3\Inglefield\PyTrx\Seth_Examples/Inglefield_Data/INGLEFIELD_CAM/2020\INGLEFIELD_CAM_StarDot1_20200827_030000.jpg,415,415,415,0.06,
532,8/27/2020 6:00,2,C:\Users\sgoldst3\Inglefield\PyTrx\Seth_Examples/Inglefield_Data/INGLEFIELD_CAM/2020\INGLEFIELD_CAM_StarDot1_20200827_060000.jpg,373,413,403,,
533,8/27/2020 9:00,1,C:\Users\sgoldst3\Inglefield\PyTrx\Seth_Examples/Inglefield_Data/INGLEFIELD_CAM/2020\INGLEFIELD_CAM_StarDot1_20200827_090000.jpg,403,403,403,0.06,
534,8/27/2020 12:00,2,C:\Users\sgoldst3\Inglefield\PyTrx\Seth_Examples/Inglefield_Data/INGLEFIELD_CAM/2020\INGLEFIELD_CAM_StarDot1_20200827_120000.jpg,372,412,402,0.06,
535,8/27/2020 15:00,0,C:\Users\sgoldst3\Inglefield\PyTrx\Seth_Examples/Inglefield_Data/INGLEFIELD_CAM/2020\INGLEFIELD_CAM_StarDot1_20200827_150000.jpg,282,410,390,0.06,
536,8/27/2020 18:00,0,C:\Users\sgoldst3\Inglefield\PyTrx\Seth_Examples/Inglefield_Data/INGLEFIELD_CAM/2020\INGLEFIELD_CAM_StarDot1_20200827_180000.jpg,83,410,390,,
537,8/27/2020 21:00,1,C:\Users\sgoldst3\Inglefield\PyTrx\Seth_Examples/Inglefield_Data/INGLEFIELD_CAM/2020\INGLEFIELD_CAM_StarDot1_20200827_210000.jpg,400,400,400,0.06,
538,8/28/2020 0:00,2,C:\Users\sgoldst3\Inglefield\PyTrx\Seth_Examples/Inglefield_Data/INGLEFIELD_CAM/2020\INGLEFIELD_CAM_StarDot1_20200828_000000.jpg,347,387,377,0.05,
539,8/28/2020 3:00,1,C:\Users\sgoldst3\Inglefield\PyTrx\Seth_Examples/Inglefield_Data/INGLEFIELD_CAM/2020\INGLEFIELD_CAM_StarDot1_20200828_030000.jpg,403,403,403,0.05,
540,8/28/2020 6:00,1,C:\Users\sgoldst3\Inglefield\PyTrx\Seth_Examples/Inglefield_Data/INGLEFIELD_CAM/2020\INGLEFIELD_CAM_StarDot1_20200828_060000.jpg,402,402,402,0.05,
541,8/28/2020 9:00,1,C:\Users\sgoldst3\Inglefield\PyTrx\Seth_Examples/Inglefield_Data/INGLEFIELD_CAM/2020\INGLEFIELD_CAM_StarDot1_20200828_090000.jpg,401,401,401,,
542,8/28/2020 12:00,1,C:\Users\sgoldst3\Inglefield\PyTrx\Seth_Examples/Inglefield_Data/INGLEFIELD_CAM/2020\INGLEFIELD_CAM_StarDot1_20200828_120000.jpg,402,402,402,0.05,
543,8/28/2020 15:00,1,C:\Users\sgoldst3\Inglefield\PyTrx\Seth_Examples/Inglefield_Data/INGLEFIELD_CAM/2020\INGLEFIELD_CAM_StarDot1_20200828_150000.jpg,401,401,401,,
544,8/28/2020 18:00,,,,,,0.05,
545,8/28/2020 21:00,2,C:\Users\sgoldst3\Inglefield\PyTrx\Seth_Examples/Inglefield_Data/INGLEFIELD_CAM/2020\INGLEFIELD_CAM_StarDot1_20200828_210000.jpg,347,387,377,,
546,8/29/2020 0:00,1,C:\Users\sgoldst3\Inglefield\PyTrx\Seth_Examples/Inglefield_Data/INGLEFIELD_CAM/2020\INGLEFIELD_CAM_StarDot1_20200829_000000.jpg,402,402,402,0.05,
547,8/29/2020 3:00,1,C:\Users\sgoldst3\Inglefield\PyTrx\Seth_Examples/Inglefield_Data/INGLEFIELD_CAM/2020\INGLEFIELD_CAM_StarDot1_20200829_030000.jpg,393,393,393,0.05,
548,8/29/2020 6:00,1,C:\Users\sgoldst3\Inglefield\PyTrx\Seth_Examples/Inglefield_Data/INGLEFIELD_CAM/2020\INGLEFIELD_CAM_StarDot1_20200829_060000.jpg,413,413,413,,
549,8/29/2020 9:00,0,C:\Users\sgoldst3\Inglefield\PyTrx\Seth_Examples/Inglefield_Data/INGLEFIELD_CAM/2020\INGLEFIELD_CAM_StarDot1_20200829_090000.jpg,682,410,390,0.05,
550,8/29/2020 12:00,0,C:\Users\sgoldst3\Inglefield\PyTrx\Seth_Examples/Inglefield_Data/INGLEFIELD_CAM/2020\INGLEFIELD_CAM_StarDot1_20200829_120000.jpg,70,410,390,0.05,
551,8/29/2020 15:00,1,C:\Users\sgoldst3\Inglefield\PyTrx\Seth_Examples/Inglefield_Data/INGLEFIELD_CAM/2020\INGLEFIELD_CAM_StarDot1_20200829_150000.jpg,409,409,409,,
552,8/29/2020 18:00,0,C:\Users\sgoldst3\Inglefield\PyTrx\Seth_Examples/Inglefield_Data/INGLEFIELD_CAM/2020\INGLEFIELD_CAM_StarDot1_20200829_180000.jpg,682,410,390,,
553,8/29/2020 21:00,2,C:\Users\sgoldst3\Inglefield\PyTrx\Seth_Examples/Inglefield_Data/INGLEFIELD_CAM/2020\INGLEFIELD_CAM_StarDot1_20200829_210000.jpg,346,386,376,,
554,8/30/2020 0:00,2,C:\Users\sgoldst3\Inglefield\PyTrx\Seth_Examples/Inglefield_Data/INGLEFIELD_CAM/2020\INGLEFIELD_CAM_StarDot1_20200830_000000.jpg,382,422,412,,
555,8/30/2020 3:00,2,C:\Users\sgoldst3\Inglefield\PyTrx\Seth_Examples/Inglefield_Data/INGLEFIELD_CAM/2020\INGLEFIELD_CAM_StarDot1_20200830_030000.jpg,372,412,402,0.05,
556,8/30/2020 6:00,1,C:\Users\sgoldst3\Inglefield\PyTrx\Seth_Examples/Inglefield_Data/INGLEFIELD_CAM/2020\INGLEFIELD_CAM_StarDot1_20200830_060000.jpg,404,404,404,0.05,
557,8/30/2020 9:00,2,C:\Users\sgoldst3\Inglefield\PyTrx\Seth_Examples/Inglefield_Data/INGLEFIELD_CAM/2020\INGLEFIELD_CAM_StarDot1_20200830_090000.jpg,371,411,401,0.05,
558,8/30/2020 12:00,0,C:\Users\sgoldst3\Inglefield\PyTrx\Seth_Examples/Inglefield_Data/INGLEFIELD_CAM/2020\INGLEFIELD_CAM_StarDot1_20200830_120000.jpg,280,410,390,0.05,
559,8/30/2020 15:00,0,C:\Users\sgoldst3\Inglefield\PyTrx\Seth_Examples/Inglefield_Data/INGLEFIELD_CAM/2020\INGLEFIELD_CAM_StarDot1_20200830_150000.jpg,283,410,390,,
560,8/30/2020 18:00,,,,,,0.05,
561,8/30/2020 21:00,1,C:\Users\sgoldst3\Inglefield\PyTrx\Seth_Examples/Inglefield_Data/INGLEFIELD_CAM/2020\INGLEFIELD_CAM_StarDot1_20200830_210000.jpg,403,403,403,0.05,
562,8/31/2020 0:00,2,C:\Users\sgoldst3\Inglefield\PyTrx\Seth_Examples/Inglefield_Data/INGLEFIELD_CAM/2020\INGLEFIELD_CAM_StarDot1_20200831_000000.jpg,372,412,402,0.05,
563,8/31/2020 3:00,1,C:\Users\sgoldst3\Inglefield\PyTrx\Seth_Examples/Inglefield_Data/INGLEFIELD_CAM/2020\INGLEFIELD_CAM_StarDot1_20200831_030000.jpg,405,405,405,,
564,8/31/2020 6:00,1,C:\Users\sgoldst3\Inglefield\PyTrx\Seth_Examples/Inglefield_Data/INGLEFIELD_CAM/2020\INGLEFIELD_CAM_StarDot1_20200831_060000.jpg,414,414,414,,
565,8/31/2020 9:00,2,C:\Users\sgoldst3\Inglefield\PyTrx\Seth_Examples/Inglefield_Data/INGLEFIELD_CAM/2020\INGLEFIELD_CAM_StarDot1_20200831_090000.jpg,373,413,403,0.05,
566,8/31/2020 12:00,1,C:\Users\sgoldst3\Inglefield\PyTrx\Seth_Examples/Inglefield_Data/INGLEFIELD_CAM/2020\INGLEFIELD_CAM_StarDot1_20200831_120000.jpg,416,416,416,,
567,8/31/2020 15:00,1,C:\Users\sgoldst3\Inglefield\PyTrx\Seth_Examples/Inglefield_Data/INGLEFIELD_CAM/2020\INGLEFIELD_CAM_StarDot1_20200831_150000.jpg,416,416,416,,
568,8/31/2020 18:00,,,,,,0.05,
569,8/31/2020 21:00,1,C:\Users\sgoldst3\Inglefield\PyTrx\Seth_Examples/Inglefield_Data/INGLEFIELD_CAM/2020\INGLEFIELD_CAM_StarDot1_20200831_210000.jpg,419,419,419,0.05,
570,9/1/2020 0:00,1,C:\Users\sgoldst3\Inglefield\PyTrx\Seth_Examples/Inglefield_Data/INGLEFIELD_CAM/2020\INGLEFIELD_CAM_StarDot1_20200901_000000.jpg,419,419,419,0.03,
571,9/1/2020 3:00,1,C:\Users\sgoldst3\Inglefield\PyTrx\Seth_Examples/Inglefield_Data/INGLEFIELD_CAM/2020\INGLEFIELD_CAM_StarDot1_20200901_030000.jpg,426,426,426,0,
572,9/1/2020 6:00,1,C:\Users\sgoldst3\Inglefield\PyTrx\Seth_Examples/Inglefield_Data/INGLEFIELD_CAM/2020\INGLEFIELD_CAM_StarDot1_20200901_060000.jpg,421,421,421,0,
573,9/1/2020 9:00,1,C:\Users\sgoldst3\Inglefield\PyTrx\Seth_Examples/Inglefield_Data/INGLEFIELD_CAM/2020\INGLEFIELD_CAM_StarDot1_20200901_090000.jpg,420,420,420,,
574,9/1/2020 12:00,1,C:\Users\sgoldst3\Inglefield\PyTrx\Seth_Examples/Inglefield_Data/INGLEFIELD_CAM/2020\INGLEFIELD_CAM_StarDot1_20200901_120000.jpg,421,421,421,0,
575,9/1/2020 15:00,1,C:\Users\sgoldst3\Inglefield\PyTrx\Seth_Examples/Inglefield_Data/INGLEFIELD_CAM/2020\INGLEFIELD_CAM_StarDot1_20200901_150000.jpg,423,423,423,0.03,
576,9/1/2020 18:00,2,C:\Users\sgoldst3\Inglefield\PyTrx\Seth_Examples/Inglefield_Data/INGLEFIELD_CAM/2020\INGLEFIELD_CAM_StarDot1_20200901_180000.jpg,365,405,395,,
577,9/1/2020 21:00,1,C:\Users\sgoldst3\Inglefield\PyTrx\Seth_Examples/Inglefield_Data/INGLEFIELD_CAM/2020\INGLEFIELD_CAM_StarDot1_20200901_210000.jpg,424,424,424,0.05,
