,key_0,choice,path,maxsum,lineloc,ING Stage DCP-raw,stage_filtered
0,7/12/2019 3:00,1,C:\Users\sgoldst3/Inglefield_Data/INGLEFIELD_CAM/2019\INGLEFIELD_CAM_StarDot1_20190712_030000.jpg,295,295,1.53,1.53
1,7/12/2019 6:00,2,C:\Users\sgoldst3/Inglefield_Data/INGLEFIELD_CAM/2019\INGLEFIELD_CAM_StarDot1_20190712_060000.jpg,262,302,1.46,1.399090909
2,7/12/2019 9:00,2,C:\Users\sgoldst3/Inglefield_Data/INGLEFIELD_CAM/2019\INGLEFIELD_CAM_StarDot1_20190712_090000.jpg,266,306,1.29,1.211818182
3,7/12/2019 12:00,2,C:\Users\sgoldst3/Inglefield_Data/INGLEFIELD_CAM/2019\INGLEFIELD_CAM_StarDot1_20190712_120000.jpg,269,309,1.12,1.067272727
4,7/12/2019 15:00,0,C:\Users\sgoldst3/Inglefield_Data/INGLEFIELD_CAM/2019\INGLEFIELD_CAM_StarDot1_20190712_150000.jpg,84,330,1.03,1.0525
5,7/12/2019 18:00,1,C:\Users\sgoldst3/Inglefield_Data/INGLEFIELD_CAM/2019\INGLEFIELD_CAM_StarDot1_20190712_180000.jpg,309,309,1.13,1.357272727
6,7/12/2019 21:00,2,C:\Users\sgoldst3/Inglefield_Data/INGLEFIELD_CAM/2019\INGLEFIELD_CAM_StarDot1_20190712_210000.jpg,274,314,,1.89
7,7/13/2019 0:00,1,C:\Users\sgoldst3/Inglefield_Data/INGLEFIELD_CAM/2019\INGLEFIELD_CAM_StarDot1_20190713_000000.jpg,275,275,2.09,2.114166667
8,7/13/2019 3:00,1,C:\Users\sgoldst3/Inglefield_Data/INGLEFIELD_CAM/2019\INGLEFIELD_CAM_StarDot1_20190713_030000.jpg,277,277,2.07,1.947272727
9,7/13/2019 6:00,2,C:\Users\sgoldst3/Inglefield_Data/INGLEFIELD_CAM/2019\INGLEFIELD_CAM_StarDot1_20190713_060000.jpg,255,295,,1.636
10,7/13/2019 9:00,2,C:\Users\sgoldst3/Inglefield_Data/INGLEFIELD_CAM/2019\INGLEFIELD_CAM_StarDot1_20190713_090000.jpg,263,303,1.47,1.344166667
11,7/13/2019 12:00,2,C:\Users\sgoldst3/Inglefield_Data/INGLEFIELD_CAM/2019\INGLEFIELD_CAM_StarDot1_20190713_120000.jpg,269,309,1.21,1.145
12,7/13/2019 15:00,2,C:\Users\sgoldst3/Inglefield_Data/INGLEFIELD_CAM/2019\INGLEFIELD_CAM_StarDot1_20190713_150000.jpg,271,311,1.12,1.23
13,7/13/2019 18:00,1,C:\Users\sgoldst3/Inglefield_Data/INGLEFIELD_CAM/2019\INGLEFIELD_CAM_StarDot1_20190713_180000.jpg,292,292,,1.687
14,7/13/2019 21:00,2,C:\Users\sgoldst3/Inglefield_Data/INGLEFIELD_CAM/2019\INGLEFIELD_CAM_StarDot1_20190713_210000.jpg,268,308,1.94,2.1025
15,7/14/2019 0:00,2,C:\Users\sgoldst3/Inglefield_Data/INGLEFIELD_CAM/2019\INGLEFIELD_CAM_StarDot1_20190714_000000.jpg,262,302,,2.222
16,7/14/2019 3:00,1,C:\Users\sgoldst3/Inglefield_Data/INGLEFIELD_CAM/2019\INGLEFIELD_CAM_StarDot1_20190714_030000.jpg,274,274,2.2,2.117272727
17,7/14/2019 6:00,2,C:\Users\sgoldst3/Inglefield_Data/INGLEFIELD_CAM/2019\INGLEFIELD_CAM_StarDot1_20190714_060000.jpg,256,296,1.91,1.7675
18,7/14/2019 9:00,1,C:\Users\sgoldst3/Inglefield_Data/INGLEFIELD_CAM/2019\INGLEFIELD_CAM_StarDot1_20190714_090000.jpg,290,290,,1.448
19,7/14/2019 12:00,0,C:\Users\sgoldst3/Inglefield_Data/INGLEFIELD_CAM/2019\INGLEFIELD_CAM_StarDot1_20190714_120000.jpg,84,315,1.32,1.29
20,7/14/2019 15:00,2,C:\Users\sgoldst3/Inglefield_Data/INGLEFIELD_CAM/2019\INGLEFIELD_CAM_StarDot1_20190714_150000.jpg,264,304,,1.549
21,7/14/2019 18:00,1,C:\Users\sgoldst3/Inglefield_Data/INGLEFIELD_CAM/2019\INGLEFIELD_CAM_StarDot1_20190714_180000.jpg,281,281,,2.008181818
22,7/14/2019 21:00,2,C:\Users\sgoldst3/Inglefield_Data/INGLEFIELD_CAM/2019\INGLEFIELD_CAM_StarDot1_20190714_210000.jpg,260,300,2.31,2.424166667
23,7/15/2019 0:00,1,C:\Users\sgoldst3/Inglefield_Data/INGLEFIELD_CAM/2019\INGLEFIELD_CAM_StarDot1_20190715_000000.jpg,268,268,2.39,2.3
24,7/15/2019 3:00,2,C:\Users\sgoldst3/Inglefield_Data/INGLEFIELD_CAM/2019\INGLEFIELD_CAM_StarDot1_20190715_030000.jpg,253,293,2.16,2.025454545
25,7/15/2019 6:00,1,C:\Users\sgoldst3/Inglefield_Data/INGLEFIELD_CAM/2019\INGLEFIELD_CAM_StarDot1_20190715_060000.jpg,281,281,1.88,1.769090909
26,7/15/2019 9:00,2,C:\Users\sgoldst3/Inglefield_Data/INGLEFIELD_CAM/2019\INGLEFIELD_CAM_StarDot1_20190715_090000.jpg,269,309,,1.525454545
27,7/15/2019 12:00,2,C:\Users\sgoldst3/Inglefield_Data/INGLEFIELD_CAM/2019\INGLEFIELD_CAM_StarDot1_20190715_120000.jpg,263,303,,1.41
28,7/15/2019 15:00,2,C:\Users\sgoldst3/Inglefield_Data/INGLEFIELD_CAM/2019\INGLEFIELD_CAM_StarDot1_20190715_150000.jpg,272,312,,1.45
29,7/15/2019 18:00,1,C:\Users\sgoldst3/Inglefield_Data/INGLEFIELD_CAM/2019\INGLEFIELD_CAM_StarDot1_20190715_180000.jpg,287,287,1.65,1.9075
30,7/15/2019 21:00,1,C:\Users\sgoldst3/Inglefield_Data/INGLEFIELD_CAM/2019\INGLEFIELD_CAM_StarDot1_20190715_210000.jpg,274,274,2.11,2.142727273
31,7/16/2019 0:00,1,C:\Users\sgoldst3/Inglefield_Data/INGLEFIELD_CAM/2019\INGLEFIELD_CAM_StarDot1_20190716_000000.jpg,273,273,2.12,2.051666667
32,7/16/2019 3:00,2,C:\Users\sgoldst3/Inglefield_Data/INGLEFIELD_CAM/2019\INGLEFIELD_CAM_StarDot1_20190716_030000.jpg,248,288,1.94,1.799166667
33,7/16/2019 6:00,2,C:\Users\sgoldst3/Inglefield_Data/INGLEFIELD_CAM/2019\INGLEFIELD_CAM_StarDot1_20190716_060000.jpg,255,295,1.64,1.483636364
34,7/16/2019 9:00,2,C:\Users\sgoldst3/Inglefield_Data/INGLEFIELD_CAM/2019\INGLEFIELD_CAM_StarDot1_20190716_090000.jpg,262,302,,1.243636364
35,7/16/2019 12:00,2,C:\Users\sgoldst3/Inglefield_Data/INGLEFIELD_CAM/2019\INGLEFIELD_CAM_StarDot1_20190716_120000.jpg,267,307,1.17,1.136363636
36,7/16/2019 15:00,2,C:\Users\sgoldst3/Inglefield_Data/INGLEFIELD_CAM/2019\INGLEFIELD_CAM_StarDot1_20190716_150000.jpg,267,307,1.12,1.169090909
37,7/16/2019 18:00,1,C:\Users\sgoldst3/Inglefield_Data/INGLEFIELD_CAM/2019\INGLEFIELD_CAM_StarDot1_20190716_180000.jpg,317,317,,1.519090909
38,7/16/2019 21:00,2,C:\Users\sgoldst3/Inglefield_Data/INGLEFIELD_CAM/2019\INGLEFIELD_CAM_StarDot1_20190716_210000.jpg,274,314,1.75,1.911666667
39,7/17/2019 0:00,2,C:\Users\sgoldst3/Inglefield_Data/INGLEFIELD_CAM/2019\INGLEFIELD_CAM_StarDot1_20190717_000000.jpg,263,303,2.11,2.173636364
40,7/17/2019 3:00,2,C:\Users\sgoldst3/Inglefield_Data/INGLEFIELD_CAM/2019\INGLEFIELD_CAM_StarDot1_20190717_030000.jpg,276,316,2.12,1.9725
41,7/17/2019 6:00,2,C:\Users\sgoldst3/Inglefield_Data/INGLEFIELD_CAM/2019\INGLEFIELD_CAM_StarDot1_20190717_060000.jpg,254,294,,1.568181818
42,7/17/2019 9:00,2,C:\Users\sgoldst3/Inglefield_Data/INGLEFIELD_CAM/2019\INGLEFIELD_CAM_StarDot1_20190717_090000.jpg,265,305,1.37,1.221666667
43,7/17/2019 12:00,2,C:\Users\sgoldst3/Inglefield_Data/INGLEFIELD_CAM/2019\INGLEFIELD_CAM_StarDot1_20190717_120000.jpg,278,318,,0.947
44,7/17/2019 15:00,2,C:\Users\sgoldst3/Inglefield_Data/INGLEFIELD_CAM/2019\INGLEFIELD_CAM_StarDot1_20190717_150000.jpg,281,321,,0.814545455
45,7/17/2019 18:00,0,C:\Users\sgoldst3/Inglefield_Data/INGLEFIELD_CAM/2019\INGLEFIELD_CAM_StarDot1_20190717_180000.jpg,115,330,0.84,0.998333333
46,7/17/2019 21:00,2,C:\Users\sgoldst3/Inglefield_Data/INGLEFIELD_CAM/2019\INGLEFIELD_CAM_StarDot1_20190717_210000.jpg,284,324,1.24,1.478333333
47,7/18/2019 0:00,2,C:\Users\sgoldst3/Inglefield_Data/INGLEFIELD_CAM/2019\INGLEFIELD_CAM_StarDot1_20190718_000000.jpg,277,317,1.69,1.809166667
48,7/18/2019 3:00,0,C:\Users\sgoldst3/Inglefield_Data/INGLEFIELD_CAM/2019\INGLEFIELD_CAM_StarDot1_20190718_030000.jpg,124,300,1.87,1.800833333
49,7/18/2019 6:00,2,C:\Users\sgoldst3/Inglefield_Data/INGLEFIELD_CAM/2019\INGLEFIELD_CAM_StarDot1_20190718_060000.jpg,257,297,1.7,1.572
50,7/18/2019 9:00,2,C:\Users\sgoldst3/Inglefield_Data/INGLEFIELD_CAM/2019\INGLEFIELD_CAM_StarDot1_20190718_090000.jpg,263,303,1.41,1.26
51,7/18/2019 12:00,2,C:\Users\sgoldst3/Inglefield_Data/INGLEFIELD_CAM/2019\INGLEFIELD_CAM_StarDot1_20190718_120000.jpg,269,309,,0.972
52,7/18/2019 15:00,2,C:\Users\sgoldst3/Inglefield_Data/INGLEFIELD_CAM/2019\INGLEFIELD_CAM_StarDot1_20190718_150000.jpg,279,319,,0.846
53,7/18/2019 18:00,2,C:\Users\sgoldst3/Inglefield_Data/INGLEFIELD_CAM/2019\INGLEFIELD_CAM_StarDot1_20190718_180000.jpg,272,312,0.84,0.924545455
54,7/18/2019 21:00,0,C:\Users\sgoldst3/Inglefield_Data/INGLEFIELD_CAM/2019\INGLEFIELD_CAM_StarDot1_20190718_210000.jpg,684,325,1.04,1.131818182
55,7/19/2019 0:00,2,C:\Users\sgoldst3/Inglefield_Data/INGLEFIELD_CAM/2019\INGLEFIELD_CAM_StarDot1_20190719_000000.jpg,273,313,,1.316363636
56,7/19/2019 3:00,2,C:\Users\sgoldst3/Inglefield_Data/INGLEFIELD_CAM/2019\INGLEFIELD_CAM_StarDot1_20190719_030000.jpg,273,313,1.36,1.375454545
57,7/19/2019 6:00,2,C:\Users\sgoldst3/Inglefield_Data/INGLEFIELD_CAM/2019\INGLEFIELD_CAM_StarDot1_20190719_060000.jpg,266,306,1.33,1.244166667
58,7/19/2019 9:00,2,C:\Users\sgoldst3/Inglefield_Data/INGLEFIELD_CAM/2019\INGLEFIELD_CAM_StarDot1_20190719_090000.jpg,268,308,1.14,1.035833333
59,7/19/2019 12:00,2,C:\Users\sgoldst3/Inglefield_Data/INGLEFIELD_CAM/2019\INGLEFIELD_CAM_StarDot1_20190719_120000.jpg,281,321,0.91,0.824545455
60,7/19/2019 15:00,2,C:\Users\sgoldst3/Inglefield_Data/INGLEFIELD_CAM/2019\INGLEFIELD_CAM_StarDot1_20190719_150000.jpg,285,325,0.73,0.689090909
61,7/19/2019 18:00,0,C:\Users\sgoldst3/Inglefield_Data/INGLEFIELD_CAM/2019\INGLEFIELD_CAM_StarDot1_20190719_180000.jpg,684,340,0.66,0.7225
62,7/19/2019 21:00,2,C:\Users\sgoldst3/Inglefield_Data/INGLEFIELD_CAM/2019\INGLEFIELD_CAM_StarDot1_20190719_210000.jpg,272,312,0.91,1.160833333
63,7/20/2019 0:00,2,C:\Users\sgoldst3/Inglefield_Data/INGLEFIELD_CAM/2019\INGLEFIELD_CAM_StarDot1_20190720_000000.jpg,272,312,,1.526
64,7/20/2019 3:00,1,C:\Users\sgoldst3/Inglefield_Data/INGLEFIELD_CAM/2019\INGLEFIELD_CAM_StarDot1_20190720_030000.jpg,289,289,1.61,1.576666667
65,7/20/2019 6:00,1,C:\Users\sgoldst3/Inglefield_Data/INGLEFIELD_CAM/2019\INGLEFIELD_CAM_StarDot1_20190720_060000.jpg,308,308,1.5,1.405454545
66,7/20/2019 9:00,2,C:\Users\sgoldst3/Inglefield_Data/INGLEFIELD_CAM/2019\INGLEFIELD_CAM_StarDot1_20190720_090000.jpg,265,305,,1.173
67,7/20/2019 12:00,2,C:\Users\sgoldst3/Inglefield_Data/INGLEFIELD_CAM/2019\INGLEFIELD_CAM_StarDot1_20190720_120000.jpg,271,311,,0.957272727
68,7/20/2019 15:00,0,C:\Users\sgoldst3/Inglefield_Data/INGLEFIELD_CAM/2019\INGLEFIELD_CAM_StarDot1_20190720_150000.jpg,261,330,0.87,0.8475
69,7/20/2019 18:00,2,C:\Users\sgoldst3/Inglefield_Data/INGLEFIELD_CAM/2019\INGLEFIELD_CAM_StarDot1_20190720_180000.jpg,273,313,0.85,0.905833333
70,7/20/2019 21:00,0,C:\Users\sgoldst3/Inglefield_Data/INGLEFIELD_CAM/2019\INGLEFIELD_CAM_StarDot1_20190720_210000.jpg,261,325,,1.166363636
71,7/21/2019 0:00,2,C:\Users\sgoldst3/Inglefield_Data/INGLEFIELD_CAM/2019\INGLEFIELD_CAM_StarDot1_20190721_000000.jpg,275,315,1.33,1.403333333
72,7/21/2019 3:00,1,C:\Users\sgoldst3/Inglefield_Data/INGLEFIELD_CAM/2019\INGLEFIELD_CAM_StarDot1_20190721_030000.jpg,293,293,1.42,1.381818182
73,7/21/2019 6:00,2,C:\Users\sgoldst3/Inglefield_Data/INGLEFIELD_CAM/2019\INGLEFIELD_CAM_StarDot1_20190721_060000.jpg,274,314,1.3,1.215
74,7/21/2019 9:00,2,C:\Users\sgoldst3/Inglefield_Data/INGLEFIELD_CAM/2019\INGLEFIELD_CAM_StarDot1_20190721_090000.jpg,274,314,1.12,1.01
75,7/21/2019 12:00,2,C:\Users\sgoldst3/Inglefield_Data/INGLEFIELD_CAM/2019\INGLEFIELD_CAM_StarDot1_20190721_120000.jpg,271,311,0.9,0.839
76,7/21/2019 15:00,2,C:\Users\sgoldst3/Inglefield_Data/INGLEFIELD_CAM/2019\INGLEFIELD_CAM_StarDot1_20190721_150000.jpg,275,315,0.76,0.731818182
77,7/21/2019 18:00,2,C:\Users\sgoldst3/Inglefield_Data/INGLEFIELD_CAM/2019\INGLEFIELD_CAM_StarDot1_20190721_180000.jpg,288,328,,0.754
78,7/21/2019 21:00,2,C:\Users\sgoldst3/Inglefield_Data/INGLEFIELD_CAM/2019\INGLEFIELD_CAM_StarDot1_20190721_210000.jpg,272,312,0.83,0.951818182
79,7/22/2019 0:00,2,C:\Users\sgoldst3/Inglefield_Data/INGLEFIELD_CAM/2019\INGLEFIELD_CAM_StarDot1_20190722_000000.jpg,276,316,,1.155454545
80,7/22/2019 3:00,1,C:\Users\sgoldst3/Inglefield_Data/INGLEFIELD_CAM/2019\INGLEFIELD_CAM_StarDot1_20190722_030000.jpg,320,320,1.18,1.162727273
81,7/22/2019 6:00,2,C:\Users\sgoldst3/Inglefield_Data/INGLEFIELD_CAM/2019\INGLEFIELD_CAM_StarDot1_20190722_060000.jpg,255,295,1.12,1.0575
82,7/22/2019 9:00,2,C:\Users\sgoldst3/Inglefield_Data/INGLEFIELD_CAM/2019\INGLEFIELD_CAM_StarDot1_20190722_090000.jpg,272,312,0.98,0.905454545
83,7/22/2019 12:00,2,C:\Users\sgoldst3/Inglefield_Data/INGLEFIELD_CAM/2019\INGLEFIELD_CAM_StarDot1_20190722_120000.jpg,284,324,0.82,0.765454545
84,7/22/2019 15:00,2,C:\Users\sgoldst3/Inglefield_Data/INGLEFIELD_CAM/2019\INGLEFIELD_CAM_StarDot1_20190722_150000.jpg,288,328,0.72,0.775454545
85,7/22/2019 18:00,2,C:\Users\sgoldst3/Inglefield_Data/INGLEFIELD_CAM/2019\INGLEFIELD_CAM_StarDot1_20190722_180000.jpg,272,312,0.91,1.080833333
86,7/22/2019 21:00,1,C:\Users\sgoldst3/Inglefield_Data/INGLEFIELD_CAM/2019\INGLEFIELD_CAM_StarDot1_20190722_210000.jpg,319,319,,1.4
87,7/23/2019 0:00,0,C:\Users\sgoldst3/Inglefield_Data/INGLEFIELD_CAM/2019\INGLEFIELD_CAM_StarDot1_20190723_000000.jpg,683,315,1.5,1.539090909
88,7/23/2019 3:00,2,C:\Users\sgoldst3/Inglefield_Data/INGLEFIELD_CAM/2019\INGLEFIELD_CAM_StarDot1_20190723_030000.jpg,261,301,,1.567
89,7/23/2019 6:00,1,C:\Users\sgoldst3/Inglefield_Data/INGLEFIELD_CAM/2019\INGLEFIELD_CAM_StarDot1_20190723_060000.jpg,290,290,1.55,1.534545455
90,7/23/2019 9:00,1,C:\Users\sgoldst3/Inglefield_Data/INGLEFIELD_CAM/2019\INGLEFIELD_CAM_StarDot1_20190723_090000.jpg,292,292,1.56,1.5
91,7/23/2019 12:00,2,C:\Users\sgoldst3/Inglefield_Data/INGLEFIELD_CAM/2019\INGLEFIELD_CAM_StarDot1_20190723_120000.jpg,268,308,1.41,1.325
92,7/23/2019 15:00,2,C:\Users\sgoldst3/Inglefield_Data/INGLEFIELD_CAM/2019\INGLEFIELD_CAM_StarDot1_20190723_150000.jpg,273,313,,1.145454545
93,7/23/2019 18:00,1,C:\Users\sgoldst3/Inglefield_Data/INGLEFIELD_CAM/2019\INGLEFIELD_CAM_StarDot1_20190723_180000.jpg,323,323,1.09,1.043636364
94,7/23/2019 21:00,2,C:\Users\sgoldst3/Inglefield_Data/INGLEFIELD_CAM/2019\INGLEFIELD_CAM_StarDot1_20190723_210000.jpg,293,333,,1.034545455
95,7/24/2019 0:00,0,C:\Users\sgoldst3/Inglefield_Data/INGLEFIELD_CAM/2019\INGLEFIELD_CAM_StarDot1_20190724_000000.jpg,696,320,1.13,1.217272727
96,7/24/2019 3:00,0,C:\Users\sgoldst3/Inglefield_Data/INGLEFIELD_CAM/2019\INGLEFIELD_CAM_StarDot1_20190724_030000.jpg,124,315,1.32,1.286666667
97,7/24/2019 6:00,2,C:\Users\sgoldst3/Inglefield_Data/INGLEFIELD_CAM/2019\INGLEFIELD_CAM_StarDot1_20190724_060000.jpg,267,307,1.2,1.082727273
98,7/24/2019 9:00,2,C:\Users\sgoldst3/Inglefield_Data/INGLEFIELD_CAM/2019\INGLEFIELD_CAM_StarDot1_20190724_090000.jpg,271,311,,0.824
99,7/24/2019 12:00,2,C:\Users\sgoldst3/Inglefield_Data/INGLEFIELD_CAM/2019\INGLEFIELD_CAM_StarDot1_20190724_120000.jpg,286,326,0.72,0.617272727
100,7/24/2019 15:00,2,C:\Users\sgoldst3/Inglefield_Data/INGLEFIELD_CAM/2019\INGLEFIELD_CAM_StarDot1_20190724_150000.jpg,289,329,0.52,0.496666667
101,7/24/2019 18:00,1,C:\Users\sgoldst3/Inglefield_Data/INGLEFIELD_CAM/2019\INGLEFIELD_CAM_StarDot1_20190724_180000.jpg,342,342,0.54,0.7625
102,7/24/2019 21:00,1,C:\Users\sgoldst3/Inglefield_Data/INGLEFIELD_CAM/2019\INGLEFIELD_CAM_StarDot1_20190724_210000.jpg,306,306,,1.348181818
103,7/25/2019 0:00,2,C:\Users\sgoldst3/Inglefield_Data/INGLEFIELD_CAM/2019\INGLEFIELD_CAM_StarDot1_20190725_000000.jpg,268,308,,1.484444444
104,7/25/2019 3:00,0,C:\Users\sgoldst3/Inglefield_Data/INGLEFIELD_CAM/2019\INGLEFIELD_CAM_StarDot1_20190725_030000.jpg,124,310,,1.348
105,7/25/2019 6:00,2,C:\Users\sgoldst3/Inglefield_Data/INGLEFIELD_CAM/2019\INGLEFIELD_CAM_StarDot1_20190725_060000.jpg,267,307,,1.15
106,7/25/2019 9:00,2,C:\Users\sgoldst3/Inglefield_Data/INGLEFIELD_CAM/2019\INGLEFIELD_CAM_StarDot1_20190725_090000.jpg,271,311,1.01,0.905833333
107,7/25/2019 12:00,2,C:\Users\sgoldst3/Inglefield_Data/INGLEFIELD_CAM/2019\INGLEFIELD_CAM_StarDot1_20190725_120000.jpg,285,325,0.78,0.690909091
108,7/25/2019 15:00,2,C:\Users\sgoldst3/Inglefield_Data/INGLEFIELD_CAM/2019\INGLEFIELD_CAM_StarDot1_20190725_150000.jpg,289,329,0.62,0.62
109,7/25/2019 18:00,0,C:\Users\sgoldst3/Inglefield_Data/INGLEFIELD_CAM/2019\INGLEFIELD_CAM_StarDot1_20190725_180000.jpg,123,330,0.68,0.804
110,7/25/2019 21:00,2,C:\Users\sgoldst3/Inglefield_Data/INGLEFIELD_CAM/2019\INGLEFIELD_CAM_StarDot1_20190725_210000.jpg,294,334,1.01,1.1925
111,7/26/2019 0:00,0,C:\Users\sgoldst3/Inglefield_Data/INGLEFIELD_CAM/2019\INGLEFIELD_CAM_StarDot1_20190726_000000.jpg,612,325,1.37,1.436666667
112,7/26/2019 3:00,0,C:\Users\sgoldst3/Inglefield_Data/INGLEFIELD_CAM/2019\INGLEFIELD_CAM_StarDot1_20190726_030000.jpg,72,315,1.45,1.389166667
113,7/26/2019 6:00,2,C:\Users\sgoldst3/Inglefield_Data/INGLEFIELD_CAM/2019\INGLEFIELD_CAM_StarDot1_20190726_060000.jpg,266,306,1.28,1.166363636
114,7/26/2019 9:00,2,C:\Users\sgoldst3/Inglefield_Data/INGLEFIELD_CAM/2019\INGLEFIELD_CAM_StarDot1_20190726_090000.jpg,271,311,,0.869090909
115,7/26/2019 12:00,2,C:\Users\sgoldst3/Inglefield_Data/INGLEFIELD_CAM/2019\INGLEFIELD_CAM_StarDot1_20190726_120000.jpg,285,325,,0.622727273
116,7/26/2019 15:00,2,C:\Users\sgoldst3/Inglefield_Data/INGLEFIELD_CAM/2019\INGLEFIELD_CAM_StarDot1_20190726_150000.jpg,292,332,0.52,0.460833333
117,7/26/2019 18:00,2,C:\Users\sgoldst3/Inglefield_Data/INGLEFIELD_CAM/2019\INGLEFIELD_CAM_StarDot1_20190726_180000.jpg,292,332,0.42,0.497272727
118,7/26/2019 21:00,1,C:\Users\sgoldst3/Inglefield_Data/INGLEFIELD_CAM/2019\INGLEFIELD_CAM_StarDot1_20190726_210000.jpg,320,320,0.64,0.826363636
119,7/27/2019 0:00,0,C:\Users\sgoldst3/Inglefield_Data/INGLEFIELD_CAM/2019\INGLEFIELD_CAM_StarDot1_20190727_000000.jpg,660,320,1.06,1.176666667
120,7/27/2019 3:00,2,C:\Users\sgoldst3/Inglefield_Data/INGLEFIELD_CAM/2019\INGLEFIELD_CAM_StarDot1_20190727_030000.jpg,272,312,1.26,1.244545455
121,7/27/2019 6:00,1,C:\Users\sgoldst3/Inglefield_Data/INGLEFIELD_CAM/2019\INGLEFIELD_CAM_StarDot1_20190727_060000.jpg,313,313,,1.069090909
122,7/27/2019 9:00,1,C:\Users\sgoldst3/Inglefield_Data/INGLEFIELD_CAM/2019\INGLEFIELD_CAM_StarDot1_20190727_090000.jpg,298,298,,0.839090909
123,7/27/2019 12:00,2,C:\Users\sgoldst3/Inglefield_Data/INGLEFIELD_CAM/2019\INGLEFIELD_CAM_StarDot1_20190727_120000.jpg,287,327,0.72,0.621
124,7/27/2019 15:00,2,C:\Users\sgoldst3/Inglefield_Data/INGLEFIELD_CAM/2019\INGLEFIELD_CAM_StarDot1_20190727_150000.jpg,289,329,0.52,0.4625
125,7/27/2019 18:00,2,C:\Users\sgoldst3/Inglefield_Data/INGLEFIELD_CAM/2019\INGLEFIELD_CAM_StarDot1_20190727_180000.jpg,292,332,0.42,0.49
126,7/27/2019 21:00,1,C:\Users\sgoldst3/Inglefield_Data/INGLEFIELD_CAM/2019\INGLEFIELD_CAM_StarDot1_20190727_210000.jpg,318,318,,0.983333333
127,7/28/2019 0:00,1,C:\Users\sgoldst3/Inglefield_Data/INGLEFIELD_CAM/2019\INGLEFIELD_CAM_StarDot1_20190728_000000.jpg,293,293,1.26,1.385833333
128,7/28/2019 3:00,2,C:\Users\sgoldst3/Inglefield_Data/INGLEFIELD_CAM/2019\INGLEFIELD_CAM_StarDot1_20190728_030000.jpg,272,312,1.42,1.397272727
129,7/28/2019 6:00,2,C:\Users\sgoldst3/Inglefield_Data/INGLEFIELD_CAM/2019\INGLEFIELD_CAM_StarDot1_20190728_060000.jpg,265,305,,1.173333333
130,7/28/2019 9:00,2,C:\Users\sgoldst3/Inglefield_Data/INGLEFIELD_CAM/2019\INGLEFIELD_CAM_StarDot1_20190728_090000.jpg,267,307,,0.919090909
131,7/28/2019 12:00,2,C:\Users\sgoldst3/Inglefield_Data/INGLEFIELD_CAM/2019\INGLEFIELD_CAM_StarDot1_20190728_120000.jpg,274,314,,0.689090909
132,7/28/2019 15:00,2,C:\Users\sgoldst3/Inglefield_Data/INGLEFIELD_CAM/2019\INGLEFIELD_CAM_StarDot1_20190728_150000.jpg,286,326,0.62,0.561
133,7/28/2019 18:00,1,C:\Users\sgoldst3/Inglefield_Data/INGLEFIELD_CAM/2019\INGLEFIELD_CAM_StarDot1_20190728_180000.jpg,318,318,,0.55
134,7/28/2019 21:00,1,C:\Users\sgoldst3/Inglefield_Data/INGLEFIELD_CAM/2019\INGLEFIELD_CAM_StarDot1_20190728_210000.jpg,316,316,0.61,0.744166667
135,7/29/2019 0:00,1,C:\Users\sgoldst3/Inglefield_Data/INGLEFIELD_CAM/2019\INGLEFIELD_CAM_StarDot1_20190729_000000.jpg,301,301,0.95,1.079090909
136,7/29/2019 3:00,2,C:\Users\sgoldst3/Inglefield_Data/INGLEFIELD_CAM/2019\INGLEFIELD_CAM_StarDot1_20190729_030000.jpg,275,315,1.18,1.200909091
137,7/29/2019 6:00,2,C:\Users\sgoldst3/Inglefield_Data/INGLEFIELD_CAM/2019\INGLEFIELD_CAM_StarDot1_20190729_060000.jpg,274,314,1.17,1.088181818
138,7/29/2019 9:00,2,C:\Users\sgoldst3/Inglefield_Data/INGLEFIELD_CAM/2019\INGLEFIELD_CAM_StarDot1_20190729_090000.jpg,269,309,0.99,0.898181818
139,7/29/2019 12:00,2,C:\Users\sgoldst3/Inglefield_Data/INGLEFIELD_CAM/2019\INGLEFIELD_CAM_StarDot1_20190729_120000.jpg,285,325,0.79,0.715454545
140,7/29/2019 15:00,2,C:\Users\sgoldst3/Inglefield_Data/INGLEFIELD_CAM/2019\INGLEFIELD_CAM_StarDot1_20190729_150000.jpg,286,326,0.62,0.572
141,7/29/2019 18:00,2,C:\Users\sgoldst3/Inglefield_Data/INGLEFIELD_CAM/2019\INGLEFIELD_CAM_StarDot1_20190729_180000.jpg,288,328,0.55,0.65
142,7/29/2019 21:00,0,C:\Users\sgoldst3/Inglefield_Data/INGLEFIELD_CAM/2019\INGLEFIELD_CAM_StarDot1_20190729_210000.jpg,595,330,0.83,1.060909091
143,7/30/2019 0:00,1,C:\Users\sgoldst3/Inglefield_Data/INGLEFIELD_CAM/2019\INGLEFIELD_CAM_StarDot1_20190730_000000.jpg,295,295,1.33,1.439166667
144,7/30/2019 3:00,2,C:\Users\sgoldst3/Inglefield_Data/INGLEFIELD_CAM/2019\INGLEFIELD_CAM_StarDot1_20190730_030000.jpg,266,306,1.47,1.43
145,7/30/2019 6:00,2,C:\Users\sgoldst3/Inglefield_Data/INGLEFIELD_CAM/2019\INGLEFIELD_CAM_StarDot1_20190730_060000.jpg,262,302,1.33,1.1975
146,7/30/2019 9:00,2,C:\Users\sgoldst3/Inglefield_Data/INGLEFIELD_CAM/2019\INGLEFIELD_CAM_StarDot1_20190730_090000.jpg,270,310,1.05,0.917272727
147,7/30/2019 12:00,2,C:\Users\sgoldst3/Inglefield_Data/INGLEFIELD_CAM/2019\INGLEFIELD_CAM_StarDot1_20190730_120000.jpg,284,324,0.78,0.683333333
148,7/30/2019 15:00,2,C:\Users\sgoldst3/Inglefield_Data/INGLEFIELD_CAM/2019\INGLEFIELD_CAM_StarDot1_20190730_150000.jpg,289,329,,0.636
149,7/30/2019 18:00,0,C:\Users\sgoldst3/Inglefield_Data/INGLEFIELD_CAM/2019\INGLEFIELD_CAM_StarDot1_20190730_180000.jpg,83,330,0.74,0.9675
150,7/30/2019 21:00,1,C:\Users\sgoldst3/Inglefield_Data/INGLEFIELD_CAM/2019\INGLEFIELD_CAM_StarDot1_20190730_210000.jpg,306,306,1.28,1.54
151,7/31/2019 0:00,2,C:\Users\sgoldst3/Inglefield_Data/INGLEFIELD_CAM/2019\INGLEFIELD_CAM_StarDot1_20190731_000000.jpg,261,301,,1.792
152,7/31/2019 3:00,1,C:\Users\sgoldst3/Inglefield_Data/INGLEFIELD_CAM/2019\INGLEFIELD_CAM_StarDot1_20190731_030000.jpg,285,285,,1.597
153,7/31/2019 6:00,2,C:\Users\sgoldst3/Inglefield_Data/INGLEFIELD_CAM/2019\INGLEFIELD_CAM_StarDot1_20190731_060000.jpg,271,311,,1.267272727
154,7/31/2019 9:00,0,C:\Users\sgoldst3/Inglefield_Data/INGLEFIELD_CAM/2019\INGLEFIELD_CAM_StarDot1_20190731_090000.jpg,77,320,1.11,0.992727273
155,7/31/2019 12:00,2,C:\Users\sgoldst3/Inglefield_Data/INGLEFIELD_CAM/2019\INGLEFIELD_CAM_StarDot1_20190731_120000.jpg,282,322,0.87,0.822727273
156,7/31/2019 15:00,2,C:\Users\sgoldst3/Inglefield_Data/INGLEFIELD_CAM/2019\INGLEFIELD_CAM_StarDot1_20190731_150000.jpg,285,325,0.79,0.805833333
157,7/31/2019 18:00,0,C:\Users\sgoldst3/Inglefield_Data/INGLEFIELD_CAM/2019\INGLEFIELD_CAM_StarDot1_20190731_180000.jpg,81,320,0.92,1.146363636
158,7/31/2019 21:00,1,C:\Users\sgoldst3/Inglefield_Data/INGLEFIELD_CAM/2019\INGLEFIELD_CAM_StarDot1_20190731_210000.jpg,290,290,,1.707
159,8/1/2019 0:00,1,C:\Users\sgoldst3/Inglefield_Data/INGLEFIELD_CAM/2019\INGLEFIELD_CAM_StarDot1_20190801_000000.jpg,284,284,1.92,2.0425
160,8/1/2019 3:00,2,C:\Users\sgoldst3/Inglefield_Data/INGLEFIELD_CAM/2019\INGLEFIELD_CAM_StarDot1_20190801_030000.jpg,263,303,2.08,2.06
161,8/1/2019 6:00,2,C:\Users\sgoldst3/Inglefield_Data/INGLEFIELD_CAM/2019\INGLEFIELD_CAM_StarDot1_20190801_060000.jpg,256,296,1.97,1.830833333
162,8/1/2019 9:00,2,C:\Users\sgoldst3/Inglefield_Data/INGLEFIELD_CAM/2019\INGLEFIELD_CAM_StarDot1_20190801_090000.jpg,257,297,,1.587
163,8/1/2019 12:00,2,C:\Users\sgoldst3/Inglefield_Data/INGLEFIELD_CAM/2019\INGLEFIELD_CAM_StarDot1_20190801_120000.jpg,262,302,1.51,1.48
164,8/1/2019 15:00,2,C:\Users\sgoldst3/Inglefield_Data/INGLEFIELD_CAM/2019\INGLEFIELD_CAM_StarDot1_20190801_150000.jpg,264,304,1.45,1.421666667
165,8/1/2019 18:00,0,C:\Users\sgoldst3/Inglefield_Data/INGLEFIELD_CAM/2019\INGLEFIELD_CAM_StarDot1_20190801_180000.jpg,696,315,1.42,1.5175
166,8/1/2019 21:00,1,C:\Users\sgoldst3/Inglefield_Data/INGLEFIELD_CAM/2019\INGLEFIELD_CAM_StarDot1_20190801_210000.jpg,284,284,1.77,1.9625
167,8/2/2019 0:00,1,C:\Users\sgoldst3/Inglefield_Data/INGLEFIELD_CAM/2019\INGLEFIELD_CAM_StarDot1_20190802_000000.jpg,276,276,2.12,2.16
168,8/2/2019 3:00,2,C:\Users\sgoldst3/Inglefield_Data/INGLEFIELD_CAM/2019\INGLEFIELD_CAM_StarDot1_20190802_030000.jpg,262,302,,2.014
169,8/2/2019 6:00,1,C:\Users\sgoldst3/Inglefield_Data/INGLEFIELD_CAM/2019\INGLEFIELD_CAM_StarDot1_20190802_060000.jpg,284,284,1.84,1.690833333
170,8/2/2019 9:00,1,C:\Users\sgoldst3/Inglefield_Data/INGLEFIELD_CAM/2019\INGLEFIELD_CAM_StarDot1_20190802_090000.jpg,282,282,1.53,1.450833333
171,8/2/2019 12:00,2,C:\Users\sgoldst3/Inglefield_Data/INGLEFIELD_CAM/2019\INGLEFIELD_CAM_StarDot1_20190802_120000.jpg,271,311,1.37,1.310909091
172,8/2/2019 15:00,2,C:\Users\sgoldst3/Inglefield_Data/INGLEFIELD_CAM/2019\INGLEFIELD_CAM_StarDot1_20190802_150000.jpg,264,304,1.29,1.433333333
173,8/2/2019 18:00,1,C:\Users\sgoldst3/Inglefield_Data/INGLEFIELD_CAM/2019\INGLEFIELD_CAM_StarDot1_20190802_180000.jpg,287,287,1.66,1.92
174,8/2/2019 21:00,1,C:\Users\sgoldst3/Inglefield_Data/INGLEFIELD_CAM/2019\INGLEFIELD_CAM_StarDot1_20190802_210000.jpg,287,287,2.23,2.3375
175,8/3/2019 0:00,1,C:\Users\sgoldst3/Inglefield_Data/INGLEFIELD_CAM/2019\INGLEFIELD_CAM_StarDot1_20190803_000000.jpg,276,276,,2.319090909
176,8/3/2019 3:00,1,C:\Users\sgoldst3/Inglefield_Data/INGLEFIELD_CAM/2019\INGLEFIELD_CAM_StarDot1_20190803_030000.jpg,271,271,,1.952727273
177,8/3/2019 6:00,2,C:\Users\sgoldst3/Inglefield_Data/INGLEFIELD_CAM/2019\INGLEFIELD_CAM_StarDot1_20190803_060000.jpg,255,295,1.71,1.526666667
178,8/3/2019 9:00,2,C:\Users\sgoldst3/Inglefield_Data/INGLEFIELD_CAM/2019\INGLEFIELD_CAM_StarDot1_20190803_090000.jpg,266,306,1.29,1.13
179,8/3/2019 12:00,2,C:\Users\sgoldst3/Inglefield_Data/INGLEFIELD_CAM/2019\INGLEFIELD_CAM_StarDot1_20190803_120000.jpg,280,320,0.93,0.779166667
180,8/3/2019 15:00,2,C:\Users\sgoldst3/Inglefield_Data/INGLEFIELD_CAM/2019\INGLEFIELD_CAM_StarDot1_20190803_150000.jpg,286,326,0.62,0.518333333
181,8/3/2019 18:00,1,C:\Users\sgoldst3/Inglefield_Data/INGLEFIELD_CAM/2019\INGLEFIELD_CAM_StarDot1_20190803_180000.jpg,321,321,0.43,0.451666667
182,8/3/2019 21:00,0,C:\Users\sgoldst3/Inglefield_Data/INGLEFIELD_CAM/2019\INGLEFIELD_CAM_StarDot1_20190803_210000.jpg,595,340,0.54,0.72
183,8/4/2019 0:00,0,C:\Users\sgoldst3/Inglefield_Data/INGLEFIELD_CAM/2019\INGLEFIELD_CAM_StarDot1_20190804_000000.jpg,659,340,0.98,1.11
184,8/4/2019 3:00,0,C:\Users\sgoldst3/Inglefield_Data/INGLEFIELD_CAM/2019\INGLEFIELD_CAM_StarDot1_20190804_030000.jpg,76,325,,1.181111111
185,8/4/2019 6:00,2,C:\Users\sgoldst3/Inglefield_Data/INGLEFIELD_CAM/2019\INGLEFIELD_CAM_StarDot1_20190804_060000.jpg,268,308,1.13,1.030909091
186,8/4/2019 9:00,2,C:\Users\sgoldst3/Inglefield_Data/INGLEFIELD_CAM/2019\INGLEFIELD_CAM_StarDot1_20190804_090000.jpg,278,318,0.89,0.7725
187,8/4/2019 12:00,2,C:\Users\sgoldst3/Inglefield_Data/INGLEFIELD_CAM/2019\INGLEFIELD_CAM_StarDot1_20190804_120000.jpg,288,328,0.64,0.53
188,8/4/2019 15:00,2,C:\Users\sgoldst3/Inglefield_Data/INGLEFIELD_CAM/2019\INGLEFIELD_CAM_StarDot1_20190804_150000.jpg,293,333,,0.324545455
189,8/4/2019 18:00,2,C:\Users\sgoldst3/Inglefield_Data/INGLEFIELD_CAM/2019\INGLEFIELD_CAM_StarDot1_20190804_180000.jpg,293,333,0.27,0.3475
190,8/4/2019 21:00,1,C:\Users\sgoldst3/Inglefield_Data/INGLEFIELD_CAM/2019\INGLEFIELD_CAM_StarDot1_20190804_210000.jpg,333,333,0.54,0.764166667
191,8/5/2019 0:00,2,C:\Users\sgoldst3/Inglefield_Data/INGLEFIELD_CAM/2019\INGLEFIELD_CAM_StarDot1_20190805_000000.jpg,279,319,,1.169090909
192,8/5/2019 3:00,1,C:\Users\sgoldst3/Inglefield_Data/INGLEFIELD_CAM/2019\INGLEFIELD_CAM_StarDot1_20190805_030000.jpg,320,320,,1.234
193,8/5/2019 6:00,2,C:\Users\sgoldst3/Inglefield_Data/INGLEFIELD_CAM/2019\INGLEFIELD_CAM_StarDot1_20190805_060000.jpg,268,308,1.12,0.99875
194,8/5/2019 9:00,2,C:\Users\sgoldst3/Inglefield_Data/INGLEFIELD_CAM/2019\INGLEFIELD_CAM_StarDot1_20190805_090000.jpg,278,318,,0.805
195,8/5/2019 12:00,2,C:\Users\sgoldst3/Inglefield_Data/INGLEFIELD_CAM/2019\INGLEFIELD_CAM_StarDot1_20190805_120000.jpg,287,327,0.69,0.60875
196,8/5/2019 15:00,2,C:\Users\sgoldst3/Inglefield_Data/INGLEFIELD_CAM/2019\INGLEFIELD_CAM_StarDot1_20190805_150000.jpg,289,329,0.5,0.465454545
197,8/5/2019 18:00,1,C:\Users\sgoldst3/Inglefield_Data/INGLEFIELD_CAM/2019\INGLEFIELD_CAM_StarDot1_20190805_180000.jpg,322,322,,0.57
198,8/5/2019 21:00,0,C:\Users\sgoldst3/Inglefield_Data/INGLEFIELD_CAM/2019\INGLEFIELD_CAM_StarDot1_20190805_210000.jpg,668,340,0.75,0.953636364
199,8/6/2019 0:00,0,C:\Users\sgoldst3/Inglefield_Data/INGLEFIELD_CAM/2019\INGLEFIELD_CAM_StarDot1_20190806_000000.jpg,545,340,1.2,1.27
200,8/6/2019 3:00,0,C:\Users\sgoldst3/Inglefield_Data/INGLEFIELD_CAM/2019\INGLEFIELD_CAM_StarDot1_20190806_030000.jpg,124,325,1.3,1.26
201,8/6/2019 6:00,2,C:\Users\sgoldst3/Inglefield_Data/INGLEFIELD_CAM/2019\INGLEFIELD_CAM_StarDot1_20190806_060000.jpg,267,307,1.19,1.088333333
202,8/6/2019 9:00,2,C:\Users\sgoldst3/Inglefield_Data/INGLEFIELD_CAM/2019\INGLEFIELD_CAM_StarDot1_20190806_090000.jpg,272,312,,0.835
203,8/6/2019 12:00,2,C:\Users\sgoldst3/Inglefield_Data/INGLEFIELD_CAM/2019\INGLEFIELD_CAM_StarDot1_20190806_120000.jpg,286,326,0.73,0.628
204,8/6/2019 15:00,2,C:\Users\sgoldst3/Inglefield_Data/INGLEFIELD_CAM/2019\INGLEFIELD_CAM_StarDot1_20190806_150000.jpg,290,330,0.52,0.455
205,8/6/2019 18:00,1,C:\Users\sgoldst3/Inglefield_Data/INGLEFIELD_CAM/2019\INGLEFIELD_CAM_StarDot1_20190806_180000.jpg,350,350,0.4,0.44125
206,8/6/2019 21:00,1,C:\Users\sgoldst3/Inglefield_Data/INGLEFIELD_CAM/2019\INGLEFIELD_CAM_StarDot1_20190806_210000.jpg,317,317,0.55,0.709090909
207,8/7/2019 0:00,2,C:\Users\sgoldst3/Inglefield_Data/INGLEFIELD_CAM/2019\INGLEFIELD_CAM_StarDot1_20190807_000000.jpg,285,325,,1.104545455
208,8/7/2019 3:00,2,C:\Users\sgoldst3/Inglefield_Data/INGLEFIELD_CAM/2019\INGLEFIELD_CAM_StarDot1_20190807_030000.jpg,274,314,,1.24
209,8/7/2019 6:00,2,C:\Users\sgoldst3/Inglefield_Data/INGLEFIELD_CAM/2019\INGLEFIELD_CAM_StarDot1_20190807_060000.jpg,274,314,1.23,1.191
210,8/7/2019 9:00,2,C:\Users\sgoldst3/Inglefield_Data/INGLEFIELD_CAM/2019\INGLEFIELD_CAM_StarDot1_20190807_090000.jpg,265,305,,1.115454545
211,8/7/2019 12:00,2,C:\Users\sgoldst3/Inglefield_Data/INGLEFIELD_CAM/2019\INGLEFIELD_CAM_StarDot1_20190807_120000.jpg,267,307,1.07,1.0725
212,8/7/2019 15:00,0,C:\Users\sgoldst3/Inglefield_Data/INGLEFIELD_CAM/2019\INGLEFIELD_CAM_StarDot1_20190807_150000.jpg,696,325,,1.316
213,8/7/2019 18:00,2,C:\Users\sgoldst3/Inglefield_Data/INGLEFIELD_CAM/2019\INGLEFIELD_CAM_StarDot1_20190807_180000.jpg,271,271,1.51,1.71
214,8/7/2019 21:00,1,C:\Users\sgoldst3/Inglefield_Data/INGLEFIELD_CAM/2019\INGLEFIELD_CAM_StarDot1_20190807_210000.jpg,280,280,1.92,2.031666667
215,8/8/2019 0:00,2,C:\Users\sgoldst3/Inglefield_Data/INGLEFIELD_CAM/2019\INGLEFIELD_CAM_StarDot1_20190808_000000.jpg,262,302,,2.136
216,8/8/2019 3:00,1,C:\Users\sgoldst3/Inglefield_Data/INGLEFIELD_CAM/2019\INGLEFIELD_CAM_StarDot1_20190808_030000.jpg,276,276,2.11,2.054166667
217,8/8/2019 6:00,1,C:\Users\sgoldst3/Inglefield_Data/INGLEFIELD_CAM/2019\INGLEFIELD_CAM_StarDot1_20190808_060000.jpg,296,296,,1.828
218,8/8/2019 9:00,1,C:\Users\sgoldst3/Inglefield_Data/INGLEFIELD_CAM/2019\INGLEFIELD_CAM_StarDot1_20190808_090000.jpg,286,286,1.73,1.634
219,8/8/2019 12:00,2,C:\Users\sgoldst3/Inglefield_Data/INGLEFIELD_CAM/2019\INGLEFIELD_CAM_StarDot1_20190808_120000.jpg,271,311,1.54,1.490833333
220,8/8/2019 15:00,2,C:\Users\sgoldst3/Inglefield_Data/INGLEFIELD_CAM/2019\INGLEFIELD_CAM_StarDot1_20190808_150000.jpg,262,302,1.45,1.508333333
221,8/8/2019 18:00,1,C:\Users\sgoldst3/Inglefield_Data/INGLEFIELD_CAM/2019\INGLEFIELD_CAM_StarDot1_20190808_180000.jpg,289,289,1.64,1.802727273
222,8/8/2019 21:00,1,C:\Users\sgoldst3/Inglefield_Data/INGLEFIELD_CAM/2019\INGLEFIELD_CAM_StarDot1_20190808_210000.jpg,286,286,1.94,2.05
223,8/9/2019 0:00,1,C:\Users\sgoldst3/Inglefield_Data/INGLEFIELD_CAM/2019\INGLEFIELD_CAM_StarDot1_20190809_000000.jpg,275,275,,1.990909091
224,8/9/2019 3:00,1,C:\Users\sgoldst3/Inglefield_Data/INGLEFIELD_CAM/2019\INGLEFIELD_CAM_StarDot1_20190809_030000.jpg,282,282,1.84,1.715
225,8/9/2019 6:00,1,C:\Users\sgoldst3/Inglefield_Data/INGLEFIELD_CAM/2019\INGLEFIELD_CAM_StarDot1_20190809_060000.jpg,291,291,1.53,1.37
226,8/9/2019 9:00,2,C:\Users\sgoldst3/Inglefield_Data/INGLEFIELD_CAM/2019\INGLEFIELD_CAM_StarDot1_20190809_090000.jpg,272,312,1.18,1.095454545
227,8/9/2019 12:00,0,C:\Users\sgoldst3/Inglefield_Data/INGLEFIELD_CAM/2019\INGLEFIELD_CAM_StarDot1_20190809_120000.jpg,683,328,,0.912727273
228,8/9/2019 15:00,2,C:\Users\sgoldst3/Inglefield_Data/INGLEFIELD_CAM/2019\INGLEFIELD_CAM_StarDot1_20190809_150000.jpg,273,313,,0.869090909
229,8/9/2019 18:00,1,C:\Users\sgoldst3/Inglefield_Data/INGLEFIELD_CAM/2019\INGLEFIELD_CAM_StarDot1_20190809_180000.jpg,301,301,0.94,1.135454545
230,8/9/2019 21:00,1,C:\Users\sgoldst3/Inglefield_Data/INGLEFIELD_CAM/2019\INGLEFIELD_CAM_StarDot1_20190809_210000.jpg,295,295,1.43,1.606666667
231,8/10/2019 0:00,1,C:\Users\sgoldst3/Inglefield_Data/INGLEFIELD_CAM/2019\INGLEFIELD_CAM_StarDot1_20190810_000000.jpg,285,285,1.73,1.7075
232,8/10/2019 3:00,2,C:\Users\sgoldst3/Inglefield_Data/INGLEFIELD_CAM/2019\INGLEFIELD_CAM_StarDot1_20190810_030000.jpg,264,304,1.61,1.465
233,8/10/2019 6:00,2,C:\Users\sgoldst3/Inglefield_Data/INGLEFIELD_CAM/2019\INGLEFIELD_CAM_StarDot1_20190810_060000.jpg,264,304,1.3,1.133636364
234,8/10/2019 9:00,0,C:\Users\sgoldst3/Inglefield_Data/INGLEFIELD_CAM/2019\INGLEFIELD_CAM_StarDot1_20190810_090000.jpg,209,330,,0.797272727
235,8/10/2019 12:00,,,,,,0.548
236,8/10/2019 15:00,2,C:\Users\sgoldst3/Inglefield_Data/INGLEFIELD_CAM/2019\INGLEFIELD_CAM_StarDot1_20190810_150000.jpg,289,329,0.44,0.365
237,8/10/2019 18:00,1,C:\Users\sgoldst3/Inglefield_Data/INGLEFIELD_CAM/2019\INGLEFIELD_CAM_StarDot1_20190810_180000.jpg,325,325,0.29,0.315454545
238,8/10/2019 21:00,1,C:\Users\sgoldst3/Inglefield_Data/INGLEFIELD_CAM/2019\INGLEFIELD_CAM_StarDot1_20190810_210000.jpg,322,322,0.42,0.613
239,8/11/2019 0:00,0,C:\Users\sgoldst3/Inglefield_Data/INGLEFIELD_CAM/2019\INGLEFIELD_CAM_StarDot1_20190811_000000.jpg,696,330,,0.977272727
240,8/11/2019 3:00,2,C:\Users\sgoldst3/Inglefield_Data/INGLEFIELD_CAM/2019\INGLEFIELD_CAM_StarDot1_20190811_030000.jpg,278,318,1.05,1.085
241,8/11/2019 6:00,2,C:\Users\sgoldst3/Inglefield_Data/INGLEFIELD_CAM/2019\INGLEFIELD_CAM_StarDot1_20190811_060000.jpg,261,301,1.09,1.100909091
242,8/11/2019 9:00,2,C:\Users\sgoldst3/Inglefield_Data/INGLEFIELD_CAM/2019\INGLEFIELD_CAM_StarDot1_20190811_090000.jpg,267,307,1.09,1.057272727
243,8/11/2019 12:00,2,C:\Users\sgoldst3/Inglefield_Data/INGLEFIELD_CAM/2019\INGLEFIELD_CAM_StarDot1_20190811_120000.jpg,279,319,,1.039
244,8/11/2019 15:00,2,C:\Users\sgoldst3/Inglefield_Data/INGLEFIELD_CAM/2019\INGLEFIELD_CAM_StarDot1_20190811_150000.jpg,270,310,1.07,1.115454545
245,8/11/2019 18:00,1,C:\Users\sgoldst3/Inglefield_Data/INGLEFIELD_CAM/2019\INGLEFIELD_CAM_StarDot1_20190811_180000.jpg,319,319,1.19,1.270833333
246,8/11/2019 21:00,2,C:\Users\sgoldst3/Inglefield_Data/INGLEFIELD_CAM/2019\INGLEFIELD_CAM_StarDot1_20190811_210000.jpg,274,314,,1.462
247,8/12/2019 0:00,2,C:\Users\sgoldst3/Inglefield_Data/INGLEFIELD_CAM/2019\INGLEFIELD_CAM_StarDot1_20190812_000000.jpg,267,307,1.55,1.53
248,8/12/2019 3:00,2,C:\Users\sgoldst3/Inglefield_Data/INGLEFIELD_CAM/2019\INGLEFIELD_CAM_StarDot1_20190812_030000.jpg,271,311,1.49,1.382727273
249,8/12/2019 6:00,2,C:\Users\sgoldst3/Inglefield_Data/INGLEFIELD_CAM/2019\INGLEFIELD_CAM_StarDot1_20190812_060000.jpg,267,307,1.23,1.096666667
250,8/12/2019 9:00,0,C:\Users\sgoldst3/Inglefield_Data/INGLEFIELD_CAM/2019\INGLEFIELD_CAM_StarDot1_20190812_090000.jpg,11,330,,0.842857143
251,8/12/2019 12:00,2,C:\Users\sgoldst3/Inglefield_Data/INGLEFIELD_CAM/2019\INGLEFIELD_CAM_StarDot1_20190812_120000.jpg,285,325,,0.613636364
252,8/12/2019 15:00,2,C:\Users\sgoldst3/Inglefield_Data/INGLEFIELD_CAM/2019\INGLEFIELD_CAM_StarDot1_20190812_150000.jpg,289,329,,0.45
253,8/12/2019 18:00,1,C:\Users\sgoldst3/Inglefield_Data/INGLEFIELD_CAM/2019\INGLEFIELD_CAM_StarDot1_20190812_180000.jpg,322,322,0.41,0.460909091
254,8/12/2019 21:00,,,,,0.57,0.755833333
255,8/13/2019 0:00,0,C:\Users\sgoldst3/Inglefield_Data/INGLEFIELD_CAM/2019\INGLEFIELD_CAM_StarDot1_20190813_000000.jpg,675,335,0.95,0.992727273
256,8/13/2019 3:00,1,C:\Users\sgoldst3/Inglefield_Data/INGLEFIELD_CAM/2019\INGLEFIELD_CAM_StarDot1_20190813_030000.jpg,299,299,1.01,0.981666667
257,8/13/2019 6:00,0,C:\Users\sgoldst3/Inglefield_Data/INGLEFIELD_CAM/2019\INGLEFIELD_CAM_StarDot1_20190813_060000.jpg,107,335,0.92,0.834545455
258,8/13/2019 9:00,0,C:\Users\sgoldst3/Inglefield_Data/INGLEFIELD_CAM/2019\INGLEFIELD_CAM_StarDot1_20190813_090000.jpg,190,335,,0.594
259,8/13/2019 12:00,2,C:\Users\sgoldst3/Inglefield_Data/INGLEFIELD_CAM/2019\INGLEFIELD_CAM_StarDot1_20190813_120000.jpg,292,332,0.49,0.390909091
260,8/13/2019 15:00,2,C:\Users\sgoldst3/Inglefield_Data/INGLEFIELD_CAM/2019\INGLEFIELD_CAM_StarDot1_20190813_150000.jpg,296,336,0.27,0.208333333
261,8/13/2019 18:00,0,C:\Users\sgoldst3/Inglefield_Data/INGLEFIELD_CAM/2019\INGLEFIELD_CAM_StarDot1_20190813_180000.jpg,108,365,0.13,0.086363636
262,8/13/2019 21:00,0,C:\Users\sgoldst3/Inglefield_Data/INGLEFIELD_CAM/2019\INGLEFIELD_CAM_StarDot1_20190813_210000.jpg,649,365,0.06,0.151666667
263,8/14/2019 0:00,0,C:\Users\sgoldst3/Inglefield_Data/INGLEFIELD_CAM/2019\INGLEFIELD_CAM_StarDot1_20190814_000000.jpg,675,360,0.27,0.403333333
264,8/14/2019 3:00,0,C:\Users\sgoldst3/Inglefield_Data/INGLEFIELD_CAM/2019\INGLEFIELD_CAM_StarDot1_20190814_030000.jpg,75,355,,0.570909091
265,8/14/2019 6:00,0,C:\Users\sgoldst3/Inglefield_Data/INGLEFIELD_CAM/2019\INGLEFIELD_CAM_StarDot1_20190814_060000.jpg,108,355,0.57,0.525454545
266,8/14/2019 9:00,0,C:\Users\sgoldst3/Inglefield_Data/INGLEFIELD_CAM/2019\INGLEFIELD_CAM_StarDot1_20190814_090000.jpg,182,355,0.46,0.3825
267,8/14/2019 12:00,2,C:\Users\sgoldst3/Inglefield_Data/INGLEFIELD_CAM/2019\INGLEFIELD_CAM_StarDot1_20190814_120000.jpg,294,334,,0.22
268,8/14/2019 15:00,2,C:\Users\sgoldst3/Inglefield_Data/INGLEFIELD_CAM/2019\INGLEFIELD_CAM_StarDot1_20190814_150000.jpg,300,340,0.15,0.091666667
269,8/14/2019 18:00,0,C:\Users\sgoldst3/Inglefield_Data/INGLEFIELD_CAM/2019\INGLEFIELD_CAM_StarDot1_20190814_180000.jpg,108,360,,
270,8/14/2019 21:00,0,C:\Users\sgoldst3/Inglefield_Data/INGLEFIELD_CAM/2019\INGLEFIELD_CAM_StarDot1_20190814_210000.jpg,660,365,0.06,
271,8/15/2019 0:00,2,C:\Users\sgoldst3/Inglefield_Data/INGLEFIELD_CAM/2019\INGLEFIELD_CAM_StarDot1_20190815_000000.jpg,310,350,,0.131818182
272,8/15/2019 3:00,0,C:\Users\sgoldst3/Inglefield_Data/INGLEFIELD_CAM/2019\INGLEFIELD_CAM_StarDot1_20190815_030000.jpg,75,365,,0.290909091
273,8/15/2019 6:00,,,,,0.31,0.294545455
274,8/15/2019 9:00,0,C:\Users\sgoldst3/Inglefield_Data/INGLEFIELD_CAM/2019\INGLEFIELD_CAM_StarDot1_20190815_090000.jpg,173,365,0.25,0.199166667
275,8/15/2019 12:00,2,C:\Users\sgoldst3/Inglefield_Data/INGLEFIELD_CAM/2019\INGLEFIELD_CAM_StarDot1_20190815_120000.jpg,299,339,,0.094
276,8/15/2019 15:00,2,C:\Users\sgoldst3/Inglefield_Data/INGLEFIELD_CAM/2019\INGLEFIELD_CAM_StarDot1_20190815_150000.jpg,306,346,0.06,
277,8/15/2019 18:00,0,C:\Users\sgoldst3/Inglefield_Data/INGLEFIELD_CAM/2019\INGLEFIELD_CAM_StarDot1_20190815_180000.jpg,108,370,0.06,
278,8/15/2019 21:00,0,C:\Users\sgoldst3/Inglefield_Data/INGLEFIELD_CAM/2019\INGLEFIELD_CAM_StarDot1_20190815_210000.jpg,586,370,0.06,
279,8/16/2019 0:00,1,C:\Users\sgoldst3/Inglefield_Data/INGLEFIELD_CAM/2019\INGLEFIELD_CAM_StarDot1_20190816_000000.jpg,318,318,,
280,8/16/2019 3:00,1,C:\Users\sgoldst3/Inglefield_Data/INGLEFIELD_CAM/2019\INGLEFIELD_CAM_StarDot1_20190816_030000.jpg,344,344,0.06,
281,8/16/2019 6:00,0,C:\Users\sgoldst3/Inglefield_Data/INGLEFIELD_CAM/2019\INGLEFIELD_CAM_StarDot1_20190816_060000.jpg,11,365,0.05,
282,8/16/2019 9:00,0,C:\Users\sgoldst3/Inglefield_Data/INGLEFIELD_CAM/2019\INGLEFIELD_CAM_StarDot1_20190816_090000.jpg,214,365,0.05,
283,8/16/2019 12:00,2,C:\Users\sgoldst3/Inglefield_Data/INGLEFIELD_CAM/2019\INGLEFIELD_CAM_StarDot1_20190816_120000.jpg,303,343,0.06,
284,8/16/2019 15:00,2,C:\Users\sgoldst3/Inglefield_Data/INGLEFIELD_CAM/2019\INGLEFIELD_CAM_StarDot1_20190816_150000.jpg,294,334,0.05,
285,8/16/2019 18:00,1,C:\Users\sgoldst3/Inglefield_Data/INGLEFIELD_CAM/2019\INGLEFIELD_CAM_StarDot1_20190816_180000.jpg,371,371,,
286,8/16/2019 21:00,0,C:\Users\sgoldst3/Inglefield_Data/INGLEFIELD_CAM/2019\INGLEFIELD_CAM_StarDot1_20190816_210000.jpg,640,375,0.05,
287,8/17/2019 0:00,2,C:\Users\sgoldst3/Inglefield_Data/INGLEFIELD_CAM/2019\INGLEFIELD_CAM_StarDot1_20190817_000000.jpg,322,362,,
288,8/17/2019 3:00,2,C:\Users\sgoldst3/Inglefield_Data/INGLEFIELD_CAM/2019\INGLEFIELD_CAM_StarDot1_20190817_030000.jpg,325,365,,
289,8/17/2019 6:00,0,C:\Users\sgoldst3/Inglefield_Data/INGLEFIELD_CAM/2019\INGLEFIELD_CAM_StarDot1_20190817_060000.jpg,16,375,0.05,
290,8/17/2019 9:00,0,C:\Users\sgoldst3/Inglefield_Data/INGLEFIELD_CAM/2019\INGLEFIELD_CAM_StarDot1_20190817_090000.jpg,190,375,0.05,
291,8/17/2019 12:00,2,C:\Users\sgoldst3/Inglefield_Data/INGLEFIELD_CAM/2019\INGLEFIELD_CAM_StarDot1_20190817_120000.jpg,315,355,,
292,8/17/2019 15:00,,,,,,
293,8/17/2019 18:00,0,C:\Users\sgoldst3/Inglefield_Data/INGLEFIELD_CAM/2019\INGLEFIELD_CAM_StarDot1_20190817_180000.jpg,104,380,0.05,
294,8/17/2019 21:00,0,C:\Users\sgoldst3/Inglefield_Data/INGLEFIELD_CAM/2019\INGLEFIELD_CAM_StarDot1_20190817_210000.jpg,700,385,,
295,8/18/2019 0:00,2,C:\Users\sgoldst3/Inglefield_Data/INGLEFIELD_CAM/2019\INGLEFIELD_CAM_StarDot1_20190818_000000.jpg,328,368,0.05,
296,8/18/2019 3:00,2,C:\Users\sgoldst3/Inglefield_Data/INGLEFIELD_CAM/2019\INGLEFIELD_CAM_StarDot1_20190818_030000.jpg,327,367,0.05,
297,8/18/2019 6:00,0,C:\Users\sgoldst3/Inglefield_Data/INGLEFIELD_CAM/2019\INGLEFIELD_CAM_StarDot1_20190818_060000.jpg,11,380,,
298,8/18/2019 9:00,0,C:\Users\sgoldst3/Inglefield_Data/INGLEFIELD_CAM/2019\INGLEFIELD_CAM_StarDot1_20190818_090000.jpg,131,380,,
299,8/18/2019 12:00,2,C:\Users\sgoldst3/Inglefield_Data/INGLEFIELD_CAM/2019\INGLEFIELD_CAM_StarDot1_20190818_120000.jpg,315,355,0.05,
300,8/18/2019 15:00,0,C:\Users\sgoldst3/Inglefield_Data/INGLEFIELD_CAM/2019\INGLEFIELD_CAM_StarDot1_20190818_150000.jpg,281,385,0.05,
301,8/18/2019 18:00,0,C:\Users\sgoldst3/Inglefield_Data/INGLEFIELD_CAM/2019\INGLEFIELD_CAM_StarDot1_20190818_180000.jpg,108,385,0.05,
302,8/18/2019 21:00,0,C:\Users\sgoldst3/Inglefield_Data/INGLEFIELD_CAM/2019\INGLEFIELD_CAM_StarDot1_20190818_210000.jpg,638,385,0.05,
303,8/19/2019 0:00,,,,,0.05,
304,8/19/2019 3:00,0,C:\Users\sgoldst3/Inglefield_Data/INGLEFIELD_CAM/2019\INGLEFIELD_CAM_StarDot1_20190819_030000.jpg,704,385,0.05,
305,8/19/2019 6:00,0,C:\Users\sgoldst3/Inglefield_Data/INGLEFIELD_CAM/2019\INGLEFIELD_CAM_StarDot1_20190819_060000.jpg,255,385,,
306,8/19/2019 9:00,0,C:\Users\sgoldst3/Inglefield_Data/INGLEFIELD_CAM/2019\INGLEFIELD_CAM_StarDot1_20190819_090000.jpg,261,385,0.05,
307,8/19/2019 12:00,2,C:\Users\sgoldst3/Inglefield_Data/INGLEFIELD_CAM/2019\INGLEFIELD_CAM_StarDot1_20190819_120000.jpg,314,354,,
308,8/19/2019 15:00,0,C:\Users\sgoldst3/Inglefield_Data/INGLEFIELD_CAM/2019\INGLEFIELD_CAM_StarDot1_20190819_150000.jpg,705,385,,
309,8/19/2019 18:00,1,C:\Users\sgoldst3/Inglefield_Data/INGLEFIELD_CAM/2019\INGLEFIELD_CAM_StarDot1_20190819_180000.jpg,386,386,,
310,8/19/2019 21:00,1,C:\Users\sgoldst3/Inglefield_Data/INGLEFIELD_CAM/2019\INGLEFIELD_CAM_StarDot1_20190819_210000.jpg,359,359,0.05,
311,8/20/2019 0:00,2,C:\Users\sgoldst3/Inglefield_Data/INGLEFIELD_CAM/2019\INGLEFIELD_CAM_StarDot1_20190820_000000.jpg,326,366,,
312,8/20/2019 3:00,0,C:\Users\sgoldst3/Inglefield_Data/INGLEFIELD_CAM/2019\INGLEFIELD_CAM_StarDot1_20190820_030000.jpg,255,375,,
313,8/20/2019 6:00,0,C:\Users\sgoldst3/Inglefield_Data/INGLEFIELD_CAM/2019\INGLEFIELD_CAM_StarDot1_20190820_060000.jpg,258,365,0.05,
314,8/20/2019 9:00,0,C:\Users\sgoldst3/Inglefield_Data/INGLEFIELD_CAM/2019\INGLEFIELD_CAM_StarDot1_20190820_090000.jpg,82,370,0.04,
315,8/20/2019 12:00,0,C:\Users\sgoldst3/Inglefield_Data/INGLEFIELD_CAM/2019\INGLEFIELD_CAM_StarDot1_20190820_120000.jpg,255,370,0.04,
316,8/20/2019 15:00,0,C:\Users\sgoldst3/Inglefield_Data/INGLEFIELD_CAM/2019\INGLEFIELD_CAM_StarDot1_20190820_150000.jpg,83,375,0.04,
317,8/20/2019 18:00,0,C:\Users\sgoldst3/Inglefield_Data/INGLEFIELD_CAM/2019\INGLEFIELD_CAM_StarDot1_20190820_180000.jpg,696,370,0.04,
318,8/20/2019 21:00,1,C:\Users\sgoldst3/Inglefield_Data/INGLEFIELD_CAM/2019\INGLEFIELD_CAM_StarDot1_20190820_210000.jpg,352,352,0.04,
319,8/21/2019 0:00,0,C:\Users\sgoldst3/Inglefield_Data/INGLEFIELD_CAM/2019\INGLEFIELD_CAM_StarDot1_20190821_000000.jpg,64,375,0.04,
320,8/21/2019 3:00,0,C:\Users\sgoldst3/Inglefield_Data/INGLEFIELD_CAM/2019\INGLEFIELD_CAM_StarDot1_20190821_030000.jpg,261,370,0.04,
321,8/21/2019 6:00,0,C:\Users\sgoldst3/Inglefield_Data/INGLEFIELD_CAM/2019\INGLEFIELD_CAM_StarDot1_20190821_060000.jpg,696,370,0.04,
322,8/21/2019 9:00,0,C:\Users\sgoldst3/Inglefield_Data/INGLEFIELD_CAM/2019\INGLEFIELD_CAM_StarDot1_20190821_090000.jpg,79,375,0.04,
323,8/21/2019 12:00,2,C:\Users\sgoldst3/Inglefield_Data/INGLEFIELD_CAM/2019\INGLEFIELD_CAM_StarDot1_20190821_120000.jpg,314,354,0.04,
324,8/21/2019 15:00,0,C:\Users\sgoldst3/Inglefield_Data/INGLEFIELD_CAM/2019\INGLEFIELD_CAM_StarDot1_20190821_150000.jpg,83,370,,
325,8/21/2019 18:00,,,,,0.04,
326,8/21/2019 21:00,0,C:\Users\sgoldst3/Inglefield_Data/INGLEFIELD_CAM/2019\INGLEFIELD_CAM_StarDot1_20190821_210000.jpg,696,375,,
327,8/22/2019 0:00,0,C:\Users\sgoldst3/Inglefield_Data/INGLEFIELD_CAM/2019\INGLEFIELD_CAM_StarDot1_20190822_000000.jpg,5,380,,
328,8/22/2019 3:00,2,C:\Users\sgoldst3/Inglefield_Data/INGLEFIELD_CAM/2019\INGLEFIELD_CAM_StarDot1_20190822_030000.jpg,331,371,0.04,
329,8/22/2019 6:00,0,C:\Users\sgoldst3/Inglefield_Data/INGLEFIELD_CAM/2019\INGLEFIELD_CAM_StarDot1_20190822_060000.jpg,11,385,,
330,8/22/2019 9:00,0,C:\Users\sgoldst3/Inglefield_Data/INGLEFIELD_CAM/2019\INGLEFIELD_CAM_StarDot1_20190822_090000.jpg,255,385,0.04,
331,8/22/2019 12:00,0,C:\Users\sgoldst3/Inglefield_Data/INGLEFIELD_CAM/2019\INGLEFIELD_CAM_StarDot1_20190822_120000.jpg,83,390,0.04,
332,8/22/2019 15:00,0,C:\Users\sgoldst3/Inglefield_Data/INGLEFIELD_CAM/2019\INGLEFIELD_CAM_StarDot1_20190822_150000.jpg,282,390,,
333,8/22/2019 18:00,1,C:\Users\sgoldst3/Inglefield_Data/INGLEFIELD_CAM/2019\INGLEFIELD_CAM_StarDot1_20190822_180000.jpg,386,386,0.04,
334,8/22/2019 21:00,0,C:\Users\sgoldst3/Inglefield_Data/INGLEFIELD_CAM/2019\INGLEFIELD_CAM_StarDot1_20190822_210000.jpg,686,390,0.04,
335,8/23/2019 0:00,2,C:\Users\sgoldst3/Inglefield_Data/INGLEFIELD_CAM/2019\INGLEFIELD_CAM_StarDot1_20190823_000000.jpg,340,380,0.04,
336,8/23/2019 3:00,2,C:\Users\sgoldst3/Inglefield_Data/INGLEFIELD_CAM/2019\INGLEFIELD_CAM_StarDot1_20190823_030000.jpg,342,382,0.04,
337,8/23/2019 6:00,1,C:\Users\sgoldst3/Inglefield_Data/INGLEFIELD_CAM/2019\INGLEFIELD_CAM_StarDot1_20190823_060000.jpg,392,392,0.04,
338,8/23/2019 9:00,0,C:\Users\sgoldst3/Inglefield_Data/INGLEFIELD_CAM/2019\INGLEFIELD_CAM_StarDot1_20190823_090000.jpg,79,400,0.04,
339,8/23/2019 12:00,0,C:\Users\sgoldst3/Inglefield_Data/INGLEFIELD_CAM/2019\INGLEFIELD_CAM_StarDot1_20190823_120000.jpg,83,400,,
340,8/23/2019 15:00,0,C:\Users\sgoldst3/Inglefield_Data/INGLEFIELD_CAM/2019\INGLEFIELD_CAM_StarDot1_20190823_150000.jpg,264,405,0.04,
341,8/23/2019 18:00,1,C:\Users\sgoldst3/Inglefield_Data/INGLEFIELD_CAM/2019\INGLEFIELD_CAM_StarDot1_20190823_180000.jpg,393,393,,
342,8/23/2019 21:00,2,C:\Users\sgoldst3/Inglefield_Data/INGLEFIELD_CAM/2019\INGLEFIELD_CAM_StarDot1_20190823_210000.jpg,344,384,,
343,8/24/2019 0:00,1,C:\Users\sgoldst3/Inglefield_Data/INGLEFIELD_CAM/2019\INGLEFIELD_CAM_StarDot1_20190824_000000.jpg,388,388,,
344,8/24/2019 3:00,0,C:\Users\sgoldst3/Inglefield_Data/INGLEFIELD_CAM/2019\INGLEFIELD_CAM_StarDot1_20190824_030000.jpg,261,410,0.04,
345,8/24/2019 6:00,2,C:\Users\sgoldst3/Inglefield_Data/INGLEFIELD_CAM/2019\INGLEFIELD_CAM_StarDot1_20190824_060000.jpg,341,381,0.04,
346,8/24/2019 9:00,2,C:\Users\sgoldst3/Inglefield_Data/INGLEFIELD_CAM/2019\INGLEFIELD_CAM_StarDot1_20190824_090000.jpg,347,387,0.04,
347,8/24/2019 12:00,0,C:\Users\sgoldst3/Inglefield_Data/INGLEFIELD_CAM/2019\INGLEFIELD_CAM_StarDot1_20190824_120000.jpg,62,415,,
348,8/24/2019 15:00,2,C:\Users\sgoldst3/Inglefield_Data/INGLEFIELD_CAM/2019\INGLEFIELD_CAM_StarDot1_20190824_150000.jpg,372,412,0.04,
349,8/24/2019 18:00,2,C:\Users\sgoldst3/Inglefield_Data/INGLEFIELD_CAM/2019\INGLEFIELD_CAM_StarDot1_20190824_180000.jpg,346,386,,
350,8/24/2019 21:00,2,C:\Users\sgoldst3/Inglefield_Data/INGLEFIELD_CAM/2019\INGLEFIELD_CAM_StarDot1_20190824_210000.jpg,353,393,0.04,
351,8/25/2019 0:00,2,C:\Users\sgoldst3/Inglefield_Data/INGLEFIELD_CAM/2019\INGLEFIELD_CAM_StarDot1_20190825_000000.jpg,340,380,0.04,
352,8/25/2019 3:00,1,C:\Users\sgoldst3/Inglefield_Data/INGLEFIELD_CAM/2019\INGLEFIELD_CAM_StarDot1_20190825_030000.jpg,401,401,,
353,8/25/2019 6:00,2,C:\Users\sgoldst3/Inglefield_Data/INGLEFIELD_CAM/2019\INGLEFIELD_CAM_StarDot1_20190825_060000.jpg,371,411,,
354,8/25/2019 9:00,1,C:\Users\sgoldst3/Inglefield_Data/INGLEFIELD_CAM/2019\INGLEFIELD_CAM_StarDot1_20190825_090000.jpg,403,403,,
355,8/25/2019 12:00,2,C:\Users\sgoldst3/Inglefield_Data/INGLEFIELD_CAM/2019\INGLEFIELD_CAM_StarDot1_20190825_120000.jpg,373,413,,
356,8/25/2019 15:00,2,C:\Users\sgoldst3/Inglefield_Data/INGLEFIELD_CAM/2019\INGLEFIELD_CAM_StarDot1_20190825_150000.jpg,373,413,0.03,
357,8/25/2019 18:00,1,C:\Users\sgoldst3/Inglefield_Data/INGLEFIELD_CAM/2019\INGLEFIELD_CAM_StarDot1_20190825_180000.jpg,403,403,0.03,
358,8/25/2019 21:00,1,C:\Users\sgoldst3/Inglefield_Data/INGLEFIELD_CAM/2019\INGLEFIELD_CAM_StarDot1_20190825_210000.jpg,403,403,0.03,
359,8/26/2019 0:00,1,C:\Users\sgoldst3/Inglefield_Data/INGLEFIELD_CAM/2019\INGLEFIELD_CAM_StarDot1_20190826_000000.jpg,393,393,0.03,
360,8/26/2019 3:00,1,C:\Users\sgoldst3/Inglefield_Data/INGLEFIELD_CAM/2019\INGLEFIELD_CAM_StarDot1_20190826_030000.jpg,404,404,,
361,8/26/2019 6:00,2,C:\Users\sgoldst3/Inglefield_Data/INGLEFIELD_CAM/2019\INGLEFIELD_CAM_StarDot1_20190826_060000.jpg,374,414,,
362,8/26/2019 9:00,2,C:\Users\sgoldst3/Inglefield_Data/INGLEFIELD_CAM/2019\INGLEFIELD_CAM_StarDot1_20190826_090000.jpg,374,414,0.03,
363,8/26/2019 12:00,0,C:\Users\sgoldst3/Inglefield_Data/INGLEFIELD_CAM/2019\INGLEFIELD_CAM_StarDot1_20190826_120000.jpg,83,420,0.03,
364,8/26/2019 15:00,1,C:\Users\sgoldst3/Inglefield_Data/INGLEFIELD_CAM/2019\INGLEFIELD_CAM_StarDot1_20190826_150000.jpg,416,416,,
365,8/26/2019 18:00,1,C:\Users\sgoldst3/Inglefield_Data/INGLEFIELD_CAM/2019\INGLEFIELD_CAM_StarDot1_20190826_180000.jpg,417,417,0.03,
366,8/26/2019 21:00,1,C:\Users\sgoldst3/Inglefield_Data/INGLEFIELD_CAM/2019\INGLEFIELD_CAM_StarDot1_20190826_210000.jpg,404,404,0.03,
367,8/27/2019 0:00,1,C:\Users\sgoldst3/Inglefield_Data/INGLEFIELD_CAM/2019\INGLEFIELD_CAM_StarDot1_20190827_000000.jpg,385,385,,
368,8/27/2019 3:00,1,C:\Users\sgoldst3/Inglefield_Data/INGLEFIELD_CAM/2019\INGLEFIELD_CAM_StarDot1_20190827_030000.jpg,416,416,0.03,
369,8/27/2019 6:00,1,C:\Users\sgoldst3/Inglefield_Data/INGLEFIELD_CAM/2019\INGLEFIELD_CAM_StarDot1_20190827_060000.jpg,398,398,0.03,
370,8/27/2019 9:00,1,C:\Users\sgoldst3/Inglefield_Data/INGLEFIELD_CAM/2019\INGLEFIELD_CAM_StarDot1_20190827_090000.jpg,420,420,0.03,
371,8/27/2019 12:00,1,C:\Users\sgoldst3/Inglefield_Data/INGLEFIELD_CAM/2019\INGLEFIELD_CAM_StarDot1_20190827_120000.jpg,420,420,0.03,
372,8/27/2019 15:00,0,C:\Users\sgoldst3/Inglefield_Data/INGLEFIELD_CAM/2019\INGLEFIELD_CAM_StarDot1_20190827_150000.jpg,293,425,0.03,
373,8/27/2019 18:00,1,C:\Users\sgoldst3/Inglefield_Data/INGLEFIELD_CAM/2019\INGLEFIELD_CAM_StarDot1_20190827_180000.jpg,416,416,,
374,8/27/2019 21:00,1,C:\Users\sgoldst3/Inglefield_Data/INGLEFIELD_CAM/2019\INGLEFIELD_CAM_StarDot1_20190827_210000.jpg,395,395,0.03,
375,8/28/2019 0:00,1,C:\Users\sgoldst3/Inglefield_Data/INGLEFIELD_CAM/2019\INGLEFIELD_CAM_StarDot1_20190828_000000.jpg,417,417,0.03,
376,8/28/2019 3:00,1,C:\Users\sgoldst3/Inglefield_Data/INGLEFIELD_CAM/2019\INGLEFIELD_CAM_StarDot1_20190828_030000.jpg,419,419,0.03,
377,8/28/2019 6:00,1,C:\Users\sgoldst3/Inglefield_Data/INGLEFIELD_CAM/2019\INGLEFIELD_CAM_StarDot1_20190828_060000.jpg,419,419,0.03,
378,8/28/2019 9:00,0,C:\Users\sgoldst3/Inglefield_Data/INGLEFIELD_CAM/2019\INGLEFIELD_CAM_StarDot1_20190828_090000.jpg,0,425,0.03,
379,8/28/2019 12:00,1,C:\Users\sgoldst3/Inglefield_Data/INGLEFIELD_CAM/2019\INGLEFIELD_CAM_StarDot1_20190828_120000.jpg,418,418,0.03,
380,8/28/2019 15:00,1,C:\Users\sgoldst3/Inglefield_Data/INGLEFIELD_CAM/2019\INGLEFIELD_CAM_StarDot1_20190828_150000.jpg,417,417,0.03,
381,8/28/2019 18:00,1,C:\Users\sgoldst3/Inglefield_Data/INGLEFIELD_CAM/2019\INGLEFIELD_CAM_StarDot1_20190828_180000.jpg,416,416,0.03,
382,8/28/2019 21:00,1,C:\Users\sgoldst3/Inglefield_Data/INGLEFIELD_CAM/2019\INGLEFIELD_CAM_StarDot1_20190828_210000.jpg,416,416,0.03,
383,8/29/2019 0:00,1,C:\Users\sgoldst3/Inglefield_Data/INGLEFIELD_CAM/2019\INGLEFIELD_CAM_StarDot1_20190829_000000.jpg,410,410,,
384,8/29/2019 3:00,1,C:\Users\sgoldst3/Inglefield_Data/INGLEFIELD_CAM/2019\INGLEFIELD_CAM_StarDot1_20190829_030000.jpg,397,397,,
385,8/29/2019 6:00,0,C:\Users\sgoldst3/Inglefield_Data/INGLEFIELD_CAM/2019\INGLEFIELD_CAM_StarDot1_20190829_060000.jpg,19,420,,
386,8/29/2019 9:00,1,C:\Users\sgoldst3/Inglefield_Data/INGLEFIELD_CAM/2019\INGLEFIELD_CAM_StarDot1_20190829_090000.jpg,417,417,0.03,
387,8/29/2019 12:00,1,C:\Users\sgoldst3/Inglefield_Data/INGLEFIELD_CAM/2019\INGLEFIELD_CAM_StarDot1_20190829_120000.jpg,419,419,,
388,8/29/2019 15:00,2,C:\Users\sgoldst3/Inglefield_Data/INGLEFIELD_CAM/2019\INGLEFIELD_CAM_StarDot1_20190829_150000.jpg,351,391,0.03,
389,8/29/2019 18:00,1,C:\Users\sgoldst3/Inglefield_Data/INGLEFIELD_CAM/2019\INGLEFIELD_CAM_StarDot1_20190829_180000.jpg,416,416,0.03,
390,8/29/2019 21:00,1,C:\Users\sgoldst3/Inglefield_Data/INGLEFIELD_CAM/2019\INGLEFIELD_CAM_StarDot1_20190829_210000.jpg,417,417,0.03,
391,8/30/2019 0:00,2,C:\Users\sgoldst3/Inglefield_Data/INGLEFIELD_CAM/2019\INGLEFIELD_CAM_StarDot1_20190830_000000.jpg,351,391,0.03,
392,8/30/2019 3:00,2,C:\Users\sgoldst3/Inglefield_Data/INGLEFIELD_CAM/2019\INGLEFIELD_CAM_StarDot1_20190830_030000.jpg,307,347,0.1,0.317272727
393,8/30/2019 6:00,0,C:\Users\sgoldst3/Inglefield_Data/INGLEFIELD_CAM/2019\INGLEFIELD_CAM_StarDot1_20190830_060000.jpg,683,350,,0.422222222
394,8/30/2019 9:00,0,C:\Users\sgoldst3/Inglefield_Data/INGLEFIELD_CAM/2019\INGLEFIELD_CAM_StarDot1_20190830_090000.jpg,83,345,0.55,0.610833333
395,8/30/2019 12:00,2,C:\Users\sgoldst3/Inglefield_Data/INGLEFIELD_CAM/2019\INGLEFIELD_CAM_StarDot1_20190830_120000.jpg,289,329,,0.655555556
396,8/30/2019 15:00,0,C:\Users\sgoldst3/Inglefield_Data/INGLEFIELD_CAM/2019\INGLEFIELD_CAM_StarDot1_20190830_150000.jpg,696,330,,0.692727273
397,8/30/2019 18:00,0,C:\Users\sgoldst3/Inglefield_Data/INGLEFIELD_CAM/2019\INGLEFIELD_CAM_StarDot1_20190830_180000.jpg,696,330,0.72,0.733333333
398,8/30/2019 21:00,0,C:\Users\sgoldst3/Inglefield_Data/INGLEFIELD_CAM/2019\INGLEFIELD_CAM_StarDot1_20190830_210000.jpg,428,335,0.7,0.710833333
399,8/31/2019 0:00,0,C:\Users\sgoldst3/Inglefield_Data/INGLEFIELD_CAM/2019\INGLEFIELD_CAM_StarDot1_20190831_000000.jpg,696,330,0.68,0.598333333
400,8/31/2019 3:00,0,C:\Users\sgoldst3/Inglefield_Data/INGLEFIELD_CAM/2019\INGLEFIELD_CAM_StarDot1_20190831_030000.jpg,60,330,0.52,0.433
401,8/31/2019 6:00,0,C:\Users\sgoldst3/Inglefield_Data/INGLEFIELD_CAM/2019\INGLEFIELD_CAM_StarDot1_20190831_060000.jpg,60,340,0.34,0.275833333
402,8/31/2019 9:00,0,C:\Users\sgoldst3/Inglefield_Data/INGLEFIELD_CAM/2019\INGLEFIELD_CAM_StarDot1_20190831_090000.jpg,266,360,,0.137
403,8/31/2019 12:00,2,C:\Users\sgoldst3/Inglefield_Data/INGLEFIELD_CAM/2019\INGLEFIELD_CAM_StarDot1_20190831_120000.jpg,300,340,0.07,
404,8/31/2019 15:00,0,C:\Users\sgoldst3/Inglefield_Data/INGLEFIELD_CAM/2019\INGLEFIELD_CAM_StarDot1_20190831_150000.jpg,264,370,0.06,
405,8/31/2019 18:00,0,C:\Users\sgoldst3/Inglefield_Data/INGLEFIELD_CAM/2019\INGLEFIELD_CAM_StarDot1_20190831_180000.jpg,104,375,0.06,
406,8/31/2019 21:00,0,C:\Users\sgoldst3/Inglefield_Data/INGLEFIELD_CAM/2019\INGLEFIELD_CAM_StarDot1_20190831_210000.jpg,537,375,0.06,
407,9/1/2019 0:00,2,C:\Users\sgoldst3/Inglefield_Data/INGLEFIELD_CAM/2019\INGLEFIELD_CAM_StarDot1_20190901_000000.jpg,324,364,0.06,
408,9/1/2019 3:00,2,C:\Users\sgoldst3/Inglefield_Data/INGLEFIELD_CAM/2019\INGLEFIELD_CAM_StarDot1_20190901_030000.jpg,328,368,0.06,
409,9/1/2019 6:00,0,C:\Users\sgoldst3/Inglefield_Data/INGLEFIELD_CAM/2019\INGLEFIELD_CAM_StarDot1_20190901_060000.jpg,652,385,0.06,
410,9/1/2019 9:00,0,C:\Users\sgoldst3/Inglefield_Data/INGLEFIELD_CAM/2019\INGLEFIELD_CAM_StarDot1_20190901_090000.jpg,7,385,0.05,
411,9/1/2019 12:00,0,C:\Users\sgoldst3/Inglefield_Data/INGLEFIELD_CAM/2019\INGLEFIELD_CAM_StarDot1_20190901_120000.jpg,112,385,0.05,
412,9/1/2019 15:00,0,C:\Users\sgoldst3/Inglefield_Data/INGLEFIELD_CAM/2019\INGLEFIELD_CAM_StarDot1_20190901_150000.jpg,292,395,0.05,
413,9/1/2019 18:00,0,C:\Users\sgoldst3/Inglefield_Data/INGLEFIELD_CAM/2019\INGLEFIELD_CAM_StarDot1_20190901_180000.jpg,104,395,,
414,9/1/2019 21:00,0,C:\Users\sgoldst3/Inglefield_Data/INGLEFIELD_CAM/2019\INGLEFIELD_CAM_StarDot1_20190901_210000.jpg,652,400,0.05,
415,9/2/2019 0:00,2,C:\Users\sgoldst3/Inglefield_Data/INGLEFIELD_CAM/2019\INGLEFIELD_CAM_StarDot1_20190902_000000.jpg,361,401,,
416,9/2/2019 3:00,1,C:\Users\sgoldst3/Inglefield_Data/INGLEFIELD_CAM/2019\INGLEFIELD_CAM_StarDot1_20190902_030000.jpg,370,370,0.05,
417,9/2/2019 6:00,0,C:\Users\sgoldst3/Inglefield_Data/INGLEFIELD_CAM/2019\INGLEFIELD_CAM_StarDot1_20190902_060000.jpg,77,405,,
418,9/2/2019 9:00,0,C:\Users\sgoldst3/Inglefield_Data/INGLEFIELD_CAM/2019\INGLEFIELD_CAM_StarDot1_20190902_090000.jpg,12,405,0.05,
419,9/2/2019 12:00,0,C:\Users\sgoldst3/Inglefield_Data/INGLEFIELD_CAM/2019\INGLEFIELD_CAM_StarDot1_20190902_120000.jpg,112,400,0.05,
420,9/2/2019 15:00,1,C:\Users\sgoldst3/Inglefield_Data/INGLEFIELD_CAM/2019\INGLEFIELD_CAM_StarDot1_20190902_150000.jpg,397,397,,
